,Unnamed: 0,url,country,region,weight,datetime
0,0,https://www.cheese.com/aarewasser/,Switzerland,,48,2023-10-20
1,1,https://www.cheese.com/abbaye-de-belloc/,France,Pays Basque,33,2023-04-18
2,2,https://www.cheese.com/abbaye-de-belval/,France,,40,2023-10-22
3,3,https://www.cheese.com/abbaye-de-citeaux/,France,Burgundy,33,2023-08-22
4,4,https://www.cheese.com/tamie/,France,Savoie,43,2023-11-23
5,5,https://www.cheese.com/abbaye-de-timadeuc/,France,province of Brittany,40,2023-06-08
6,6,https://www.cheese.com/abbaye-du-mont-des-cats/,France,Nord-Pas-de-Calais,36,2023-05-16
7,7,https://www.cheese.com/abbots-gold/,"England, Great Britain, United Kingdom",North Yorkshire,30,2023-12-16
8,8,https://www.cheese.com/abertam/,Czech Republic,Karlovy Vary,45,2023-04-23
9,9,https://www.cheese.com/abondance/,France,,45,2023-11-28
10,10,https://www.cheese.com/acapella/,United States,California,47,2023-12-06
11,11,https://www.cheese.com/accasciato/,Italy,Campania,30,2023-03-23
12,12,https://www.cheese.com/ackawi/,"Cyprus, Egypt, Israel, Jordan, Lebanon, Middle East, Syria",+,42,2023-04-21
13,13,https://www.cheese.com/acorn/,United Kingdom,Bethania,47,2023-05-02
14,14,https://www.cheese.com/adelost/,Sweden,,35,2023-12-22
15,15,https://www.cheese.com/adl-brick-cheese/,Canada,Prince Edward Island,43,2023-05-28
16,16,https://www.cheese.com/adl-mild-cheddar/,Canada,Prince Edward Island,35,2023-06-17
17,17,https://www.cheese.com/affidelice-au-chablis/,France,Burgundy,32,2023-05-06
18,18,https://www.cheese.com/affineur-walo-rotwein-sennechas/,Switzerland,,37,2023-06-24
19,19,https://www.cheese.com/afuegal-pitu/,Spain,Asturias,37,2023-02-08
20,20,https://www.cheese.com/aged-british-cheddar/,United States,NY,48,2023-10-04
21,21,https://www.cheese.com/aged-cashew-blue-green-algae-cheese/,United States,Brooklyn NY,30,2023-09-20
22,22,https://www.cheese.com/aged-cashew-brazil-nut-cheese/,United States,Brooklyn NY,50,2023-12-02
23,23,https://www.cheese.com/aged-cashew-dulse-cheese/,United States,Brooklyn NY,37,2023-03-21
24,24,https://www.cheese.com/aged-cashew-hemp-seed-cheese/,United States,Brooklyn NY,44,2023-09-08
25,25,https://www.cheese.com/aged-cashew-nut-kale-cheese/,United States,Brooklyn NY,45,2023-06-17
26,26,https://www.cheese.com/aged-cashew-nut-cheese/,United States,Brooklyn NY,49,2023-01-09
27,27,https://www.cheese.com/aged-cheddar/,United States,,32,2023-04-18
28,28,https://www.cheese.com/aged-chelsea/,United States,"Ann Arbor, Michigan",45,2023-08-28
29,29,https://www.cheese.com/aged-gouda/,Netherlands,,38,2023-10-14
30,30,https://www.cheese.com/aggiano/,United States,Utah,33,2023-05-24
31,31,https://www.cheese.com/ailsa-craig/,"Scotland, United Kingdom",Stewarton,35,2023-04-21
32,32,https://www.cheese.com/airedale/,New Zealand,Airedale farming district,30,2023-11-28
33,33,https://www.cheese.com/aisy-cendre/,France,Burgundy,37,2023-05-09
34,34,https://www.cheese.com/alex-james-co-no-1-cheddar/,United Kingdom,,35,2023-10-27
35,35,https://www.cheese.com/alex-james-co-no-2-blue-monday/,United Kingdom,,42,2023-12-14
36,36,https://www.cheese.com/alex-james-co-no-3-valley-brie/,United Kingdom,,45,2023-12-15
37,37,https://www.cheese.com/alex-james-co-no-4-goats/,United Kingdom,,36,2023-02-21
38,38,https://www.cheese.com/alex-james-co-no-5-grunge/,United Kingdom,,45,2023-10-13
39,39,https://www.cheese.com/alisia-victoria/,Switzerland,,38,2023-01-26
40,40,https://www.cheese.com/allgauer-emmentaler/,Germany,Swabia,36,2023-05-07
41,41,https://www.cheese.com/allium-piper/,Australia,South Australia,35,2023-05-06
42,42,https://www.cheese.com/alma-vorarlberger-alpkase-3-5-months/,Austria,Vorarlberg,46,2023-01-08
43,43,https://www.cheese.com/alma-vorarlberger-alpkase-6-9-months/,Austria,Vorarlberg,44,2023-04-18
44,44,https://www.cheese.com/alma-vorarlberger-bergkase-10-months/,Austria,"Bregenzerwald, Kleinwalsertal, Großwalsertal, Laiblachtal (Pfänderstock) and Rheintal",33,2023-04-29
45,45,https://www.cheese.com/alma-vorarlberger-bergkase-12-months/,Austria,"Bregenzerwald, Kleinwalsertal, Großwalsertal, Laiblachtal (Pfänderstock) and Rheintal",41,2023-12-09
46,46,https://www.cheese.com/alma-vorarlberger-bergkase-6-months/,Austria,"Bregenzerwald, Kleinwalsertal, Großwalsertal, Laiblachtal (Pfänderstock) and Rheintal",32,2023-01-10
47,47,https://www.cheese.com/almnas-tegel/,Sweden,Västra Götaland,35,2023-06-14
48,48,https://www.cheese.com/alpe-di-frabosa/,Italy,,44,2023-07-30
49,49,https://www.cheese.com/alpha-tolman/,United States,"Greensboro, VT",50,2023-03-09
50,50,https://www.cheese.com/alpicreme/,France,,35,2023-04-14
51,51,https://www.cheese.com/alpine-gold/,Canada,British Columbia,47,2023-07-21
52,52,https://www.cheese.com/alpkase/,Switzerland,,49,2023-11-05
53,53,https://www.cheese.com/alps-rebel/,Austria,Sulzberg,44,2023-07-22
54,54,https://www.cheese.com/alta-badia/,Italy,,47,2023-02-27
55,55,https://www.cheese.com/alverca/,Portugal,,38,2023-11-07
56,56,https://www.cheese.com/amablu-blue-cheese/,United States,,37,2023-04-09
57,57,https://www.cheese.com/amalthee/,France,Charentes-Poitou,50,2023-07-31
58,58,https://www.cheese.com/amarelo-de-beira-baixa/,Portugal,Beira Baixa Province,45,2023-07-04
59,59,https://www.cheese.com/ameribella/,United States,Indiana,50,2023-04-21
60,60,https://www.cheese.com/american-cheese/,United States,,34,2023-03-06
61,61,https://www.cheese.com/ami-du-chambertin/,France,"Gevrey-Chambertin, Burgundy",41,2023-05-20
62,62,https://www.cheese.com/amish-frolic/,United States,"Milford, NJ",37,2023-10-30
63,63,https://www.cheese.com/amou/,France,"Amou, Gascony",49,2023-08-11
64,64,https://www.cheese.com/amsterdammer-british-columbia/,Canada,"Comox Valley, Vancouver Island",42,2023-02-22
65,65,https://www.cheese.com/amul-cheese-spread/,India,Gujarat,42,2023-02-28
66,66,https://www.cheese.com/amul-emmental/,India,Gujarat,46,2023-06-25
67,67,https://www.cheese.com/amul-gouda/,India,Gujarat,39,2023-11-12
68,68,https://www.cheese.com/amul-pizza-mozzarella-cheese/,India,Gujarat,30,2023-03-17
69,69,https://www.cheese.com/amul-processed-cheese/,India,Gujarat,45,2023-10-20
70,70,https://www.cheese.com/anari/,Cyprus,island wide,46,2023-03-31
71,71,https://www.cheese.com/anejo-enchilado/,Mexico,,31,2023-02-09
72,72,https://www.cheese.com/anneau-du-vic-bilh/,France,Pyrenees-Atlantiques,47,2023-06-21
73,73,https://www.cheese.com/anniversary-ale-cheddar/,United States,Northwest,38,2023-02-25
74,74,https://www.cheese.com/anster/,Scotland,Fife,41,2023-05-20
75,75,https://www.cheese.com/anthotyro/,Greece,"Macedonia, Thrace, Thessalia, Peloponissos, Ionian Islands, Aegean islands, Crete Island and Epirus",48,2023-03-01
76,76,https://www.cheese.com/anthotyro-fresco/,Greece,"Macedonia, Thrace, Thessalia, Peloponissos, Ionian Islands, Aegean islands, Crete Island and Epirus",50,2023-01-28
77,77,https://www.cheese.com/aphrodite-haloumi/,Cyprus,,31,2023-12-29
78,78,https://www.cheese.com/appalachian/,United States,Virginia,40,2023-02-27
79,79,https://www.cheese.com/appenzeller/,Switzerland,,33,2023-01-25
80,80,https://www.cheese.com/apple-walnut-smoked/,United States,Utah,44,2023-04-03
81,81,https://www.cheese.com/applebys-double-gloucester/,"England, Great Britain, United Kingdom",Gloucestershire,47,2023-05-09
82,82,https://www.cheese.com/applewood/,"England, Great Britain, United Kingdom",Somerset,46,2023-04-20
83,83,https://www.cheese.com/applewood-smoked-chevre/,United States,Colorado,33,2023-01-09
84,84,https://www.cheese.com/aragon/,Spain,,39,2023-04-05
85,85,https://www.cheese.com/ardi-gasna/,France,Midi-Pyrénées,33,2023-08-10
86,86,https://www.cheese.com/ardrahan/,Ireland,Duhallow,45,2023-01-03
87,87,https://www.cheese.com/ardsallagh-hard-goats-cheese/,Ireland,Carrigtwohill,49,2023-03-24
88,88,https://www.cheese.com/ardsallagh-smoked-cheese/,Ireland,Carrigtwohill,41,2023-09-19
89,89,https://www.cheese.com/ardsallagh-soft-goats-cheese/,,Carrigtwohill,48,2023-05-01
90,90,https://www.cheese.com/armenian-string-cheese/,Armenia,,32,2023-06-19
91,91,https://www.cheese.com/aromes-au-gene-de-marc/,France,Rhône-Alpes,36,2023-10-26
92,92,https://www.cheese.com/aradalen/,Sweden,Oviken,37,2023-06-12
93,93,https://www.cheese.com/ascutney-mountain/,United States,Vermont,36,2023-07-28
94,94,https://www.cheese.com/asher-blue/,United States,Georgia,32,2023-02-12
95,95,https://www.cheese.com/ashley/,United States,Colorado,37,2023-10-19
96,96,https://www.cheese.com/asiago/,Italy,"Veneto, Trentino",39,2023-02-21
97,97,https://www.cheese.com/asiago-dallevo/,Italy,Veneto,30,2023-05-22
98,98,https://www.cheese.com/asiago-pressato/,Italy,Veneto,46,2023-11-13
99,99,https://www.cheese.com/aspen-ash/,United States,Colorado,38,2023-07-28
100,100,https://www.cheese.com/assa/,United States,"Tomales, California",43,2023-12-17
101,101,https://www.cheese.com/aubisque-pyrenees/,France,Béarnaise in Pyrénées-Atlantique,44,2023-10-05
102,102,https://www.cheese.com/auld-lochnagar/,Scotland,,48,2023-01-30
103,103,https://www.cheese.com/auld-reekie/,Scotland,,40,2023-04-14
104,104,https://www.cheese.com/aura/,Finland,Äänekoski,48,2023-05-13
105,105,https://www.cheese.com/austrian-alps/,Switzerland,,41,2023-12-03
106,106,https://www.cheese.com/autun/,France,Burgundy,30,2023-03-30
107,107,https://www.cheese.com/avaxtskyr/,Iceland,,44,2023-06-05
108,108,https://www.cheese.com/avonlea-clothbound-cheddar/,Canada,Prince Edward Island,30,2023-08-25
109,109,https://www.cheese.com/azeitao/,Portugal,"Setubal, Palmela and Sesimbra",50,2023-12-25
110,110,https://www.cheese.com/baby-brie/,France,,32,2023-05-08
111,111,https://www.cheese.com/baby-swiss/,United States,"Charm, Ohio",48,2023-04-13
112,112,https://www.cheese.com/babybel/,France,,45,2023-03-23
113,113,https://www.cheese.com/bad-axe/,United States,Wisconsin,30,2023-05-16
114,114,https://www.cheese.com/baguette-laonnaise/,France,Ile-de-France/Champagne,40,2023-02-11
115,115,https://www.cheese.com/baita-friuli/,Italy,Friuli-Venezia Giulia,30,2023-05-13
116,116,https://www.cheese.com/baladi/,"Lebanon, Middle East",,46,2023-04-25
117,117,https://www.cheese.com/balaton/,Hungary,,33,2023-10-15
118,118,https://www.cheese.com/balfour/,New Zealand,Queenstown,37,2023-02-21
119,119,https://www.cheese.com/baluchon/,Canada,Quebec,49,2023-11-07
120,120,https://www.cheese.com/bandal/,India,West Bengal,30,2023-12-13
121,121,https://www.cheese.com/banon/,France,Banon,45,2023-01-17
122,122,https://www.cheese.com/barambah-organics-marinated-feta/,Australia,Brisbane,42,2023-12-02
123,123,https://www.cheese.com/barbers-1833/,England,,35,2023-12-03
124,124,https://www.cheese.com/barberey/,France,"Troyes , Aube",36,2023-01-25
125,125,https://www.cheese.com/barden-blue/,United States,"West Pawlet, VT",36,2023-06-28
126,126,https://www.cheese.com/barely-buzzed/,United States,Utah,33,2023-10-01
127,127,https://www.cheese.com/barilotto/,Italy,Campania,43,2023-09-23
128,128,https://www.cheese.com/barlocco/,Scotland,,42,2023-05-15
129,129,https://www.cheese.com/baron-bigod/,England,,48,2023-01-24
130,130,https://www.cheese.com/baron-bigod-baby-truffle/,England,,30,2023-11-25
131,131,https://www.cheese.com/baronerosso-di-capra/,Italy,Veneto,34,2023-02-06
132,132,https://www.cheese.com/barrel-aged-feta/,Greece,,45,2023-07-19
133,133,https://www.cheese.com/barricato-al-pepe/,Italy,,30,2023-12-29
134,134,https://www.cheese.com/barriquet/,France,,32,2023-04-02
135,135,https://www.cheese.com/barrys-bay-cheddar/,New Zealand,Banks Peninsular in Canterbury,32,2023-06-19
136,136,https://www.cheese.com/bartlett/,"England, Great Britain, United Kingdom",Somerset,50,2023-09-26
137,137,https://www.cheese.com/basajo/,Italy,,36,2023-01-24
138,138,https://www.cheese.com/baserri/,United States,,39,2023-11-25
139,139,https://www.cheese.com/basils-original-rauchkase/,Germany,,43,2023-12-23
140,140,https://www.cheese.com/basing/,United Kingdom,Kent,37,2023-07-09
141,141,https://www.cheese.com/baskeriu/,France,"French Basque Country, Midi-Pyrénées",36,2023-11-29
142,142,https://www.cheese.com/basket-cheese/,Middle East,,38,2023-01-20
143,143,https://www.cheese.com/basket-molded-ricotta/,,,42,2023-05-05
144,144,https://www.cheese.com/bassigny-au-porto/,Belgium,,48,2023-08-13
145,145,https://www.cheese.com/bath-blue/,"England, United Kingdom",South West England,36,2023-10-07
146,146,https://www.cheese.com/bath-soft/,England,South West England,49,2023-08-14
147,147,https://www.cheese.com/bath-soft-cheese-truffled/,United Kingdom,,34,2023-12-13
148,148,https://www.cheese.com/batzos/,Greece,"Central and Western Macedonia, Thessaly",41,2023-04-08
149,149,https://www.cheese.com/bavaria-blu/,Germany,,50,2023-06-05
150,150,https://www.cheese.com/bavarian-bergkase/,Germany,Allgaeu Alps,39,2023-01-02
151,151,https://www.cheese.com/bayley-hazen-blue/,United States,"Greensboro, VT",38,2023-01-16
152,152,https://www.cheese.com/baylough/,Ireland,"County Tipperary, Clogheen",34,2023-01-31
153,153,https://www.cheese.com/beach-box-brie/,Australia,"Mornington Peninsula, Melbourne",32,2023-03-19
154,154,https://www.cheese.com/bear-hill/,United States,Vermont,31,2023-05-19
155,155,https://www.cheese.com/beaufort/,France,,47,2023-07-12
156,156,https://www.cheese.com/beaumont/,France,Rhône-Alpes,46,2023-06-08
157,157,https://www.cheese.com/beauvale/,England,East Midlands,31,2023-10-06
158,158,https://www.cheese.com/beauvoorde/,Belgium,Flanders,43,2023-12-03
159,159,https://www.cheese.com/beehive-fresh/,United States,Utah,45,2023-04-10
160,160,https://www.cheese.com/beemster-2-milk/,"Canada, Denmark, France, Germany, Netherlands, United States",,30,2023-03-06
161,161,https://www.cheese.com/beemster-aged/,Netherlands,,30,2023-12-11
162,162,https://www.cheese.com/beemster-classic/,Netherlands,,36,2023-12-31
163,163,https://www.cheese.com/beemster-extra-aged/,Netherlands,,37,2023-11-26
164,164,https://www.cheese.com/beemster-graskaas/,Netherlands,,39,2023-06-14
165,165,https://www.cheese.com/beenleigh-blue/,England,,41,2023-10-04
166,166,https://www.cheese.com/bega-processed-cheddar/,Australia,,47,2023-06-07
167,167,https://www.cheese.com/bel-ceillo/,United States,NY,33,2023-02-13
168,168,https://www.cheese.com/bel-paese/,Italy,Lombardy,43,2023-08-26
169,169,https://www.cheese.com/bella-lodi/,Italy,Lodi,39,2023-01-16
170,170,https://www.cheese.com/belle-creme/,Canada,Québec,44,2023-04-28
171,171,https://www.cheese.com/belletoile/,France,,48,2023-01-19
172,172,https://www.cheese.com/bellwether-farms-crescenza/,United States,"Sonoma, California",44,2023-05-18
173,173,https://www.cheese.com/benedictine/,United States,"La Velle, Wisconsin",47,2023-05-16
174,174,https://www.cheese.com/bent-river/,United States,"Mankato, MN",47,2023-10-01
175,175,https://www.cheese.com/bergader/,Germany,,41,2023-05-07
176,176,https://www.cheese.com/bergere-bleue/,United States,"Marathon, NY",46,2023-01-11
177,177,https://www.cheese.com/bergues/,France,Bergues,30,2023-08-18
178,178,https://www.cheese.com/berkswell/,United Kingdom,,43,2023-04-15
179,179,https://www.cheese.com/bermondsey-hard-pressed/,"England, Great Britain, United Kingdom","Bermondsey, London",44,2023-05-20
180,180,https://www.cheese.com/bermuda-triangle/,United States,California,30,2023-01-28
181,181,https://www.cheese.com/bethmale-des-pyrenees/,France,Pyrenees,43,2023-09-14
182,182,https://www.cheese.com/bettine-bleu/,Netherlands,,36,2023-02-13
183,183,https://www.cheese.com/bettine-grand-cru/,Netherlands,,30,2023-09-13
184,184,https://www.cheese.com/beyaz-peynir/,Turkey,,45,2023-03-14
185,185,https://www.cheese.com/bianca/,United States,"Tieton, Washington",47,2023-06-01
186,186,https://www.cheese.com/bianco/,Germany,,45,2023-01-07
187,187,https://www.cheese.com/bica-de-queijo/,Portugal,Póvoa de Lanhoso,38,2023-10-02
188,188,https://www.cheese.com/bierkase/,Germany,,46,2023-07-05
189,189,https://www.cheese.com/big-johns-cajun/,United States,Utah,36,2023-11-19
190,190,https://www.cheese.com/big-rock-blue/,United States,California,39,2023-08-15
191,191,https://www.cheese.com/big-woods-blue/,United States,Minnesota,40,2023-07-29
192,192,https://www.cheese.com/bijou/,United States,"Websterville, VT",34,2023-10-05
193,193,https://www.cheese.com/binnorie-marinated-fetta/,Australia,"Pokolbin, Hunter Valley",47,2023-10-09
194,194,https://www.cheese.com/bishop-kennedy/,Scotland,"Kinfauns, Perthshire",43,2023-11-19
195,195,https://www.cheese.com/bismark/,United States,Vermont,32,2023-07-30
196,196,https://www.cheese.com/bix/,United Kingdom,,31,2023-05-24
197,197,https://www.cheese.com/black-betty/,Netherlands,,46,2023-12-30
198,198,https://www.cheese.com/black-bomber-cheddar/,United Kingdom,,32,2023-01-18
199,199,https://www.cheese.com/black-pearl/,Australia,"Mornington Peninsula, Melbourne",32,2023-12-09
200,200,https://www.cheese.com/blackmount/,Scotland,,38,2023-08-04
201,201,https://www.cheese.com/blacksticks-blue/,United Kingdom,,50,2023-08-18
202,202,https://www.cheese.com/blaenafon-pwll-ddu/,Wales,,49,2023-03-20
203,203,https://www.cheese.com/blarney-castle/,Ireland,Blarney,45,2023-10-16
204,204,https://www.cheese.com/blenda/,Sweden,Oviken,50,2023-05-27
205,205,https://www.cheese.com/bleu-benedictin/,Canada,Quebec,40,2023-08-05
206,206,https://www.cheese.com/bleu-dauvergne/,France,Auvergne,50,2023-12-05
207,207,https://www.cheese.com/bleu-de-laqueuille/,France,Laqueuille,50,2023-03-16
208,208,https://www.cheese.com/bleu-des-causses/,France,,36,2023-04-20
209,209,https://www.cheese.com/bleu-lermite/,Canada,Quebec,35,2023-09-15
210,210,https://www.cheese.com/bleu-mont-dairy-bandaged-cheddar/,United States,Wisconsin,36,2023-11-14
211,211,https://www.cheese.com/bleubry/,Canada,Quebec,49,2023-04-24
212,212,https://www.cheese.com/blissful-blocks/,"Canada, United States",,38,2023-04-26
213,213,https://www.cheese.com/blissful-toppings/,"Canada, United States",,49,2023-08-06
214,214,https://www.cheese.com/bloomsdale/,United States,Bloomdale,34,2023-11-26
215,215,https://www.cheese.com/blu-61/,Italy,Veneto,36,2023-05-22
216,216,https://www.cheese.com/blu-della-casera/,Italy,Piedmont,30,2023-01-23
217,217,https://www.cheese.com/blu-di-bufala/,Italy,Lombardy,49,2023-08-07
218,218,https://www.cheese.com/vegan-blue/,United Kingdom,,34,2023-09-15
219,219,https://www.cheese.com/blue-benedictine/,Canada,,30,2023-10-29
220,220,https://www.cheese.com/blue-castello/,Denmark,,37,2023-01-14
221,221,https://www.cheese.com/blue-vein-cheese/,,,33,2023-08-11
222,222,https://www.cheese.com/blue-clouds/,United Kingdom,,35,2023-08-10
223,223,https://www.cheese.com/blue-earth/,United States,"Mankato, MN",44,2023-03-23
224,224,https://www.cheese.com/blue-ledge-la-luna/,United States,Vermont,38,2023-05-14
225,225,https://www.cheese.com/blue-lupine/,United States,California,30,2023-03-31
226,226,https://www.cheese.com/blue-rathgore/,Ireland,County Antrim,38,2023-03-16
227,227,https://www.cheese.com/blue-vein-australian/,Australia,,35,2023-11-12
228,228,https://www.cheese.com/blue-wensleydale/,England,North Yorkshire,30,2023-10-12
229,229,https://www.cheese.com/blue-yonder/,United States,NY,34,2023-11-23
230,230,https://www.cheese.com/bluebell/,Scotland,,48,2023-03-18
231,231,https://www.cheese.com/bluebell-falls-cygnus/,Ireland,Co. Cork,33,2023-05-14
232,232,https://www.cheese.com/blythedale-camembert/,United States,Vermont,41,2023-06-23
233,233,https://www.cheese.com/bocconcini/,Italy,,39,2023-08-03
234,234,https://www.cheese.com/boeren-leidse-met-sleutels/,Netherlands,Leiden,34,2023-11-16
235,235,https://www.cheese.com/bohemian-blue/,United States,Southwestern Wisconsin,32,2023-02-24
236,236,https://www.cheese.com/boivin-extra-aged-cheddar/,Canada,Quebec,40,2023-11-07
237,237,https://www.cheese.com/boivin-marbled-cheddar/,Canada,Quebec,46,2023-03-16
238,238,https://www.cheese.com/boivin-medium-cheddar/,Canada,Quebec,46,2023-11-01
239,239,https://www.cheese.com/bonchester/,"Scotland, United Kingdom",Roxburghshire,41,2023-02-16
240,240,https://www.cheese.com/bonifaz/,Germany,,38,2023-02-11
241,241,https://www.cheese.com/bonne-bouche/,United States,Vermont,34,2023-04-11
242,242,https://www.cheese.com/boo-boo-baby-swiss/,United States,Utah,50,2023-09-20
243,243,https://www.cheese.com/bootlegger/,"Canada, Italy",Lombardy,44,2023-06-26
244,244,https://www.cheese.com/bossa/,United States,Missouri,30,2023-07-06
245,245,https://www.cheese.com/bosworth/,United Kingdom,,49,2023-04-02
246,246,https://www.cheese.com/bothwell-black-truffle-cheddar/,Canada,Manitoba,36,2023-05-20
247,247,https://www.cheese.com/bougon/,France,,42,2023-08-29
248,248,https://www.cheese.com/boulder-chevre/,United States,,47,2023-12-20
249,249,https://www.cheese.com/boule-du-roves/,France,,35,2023-11-04
250,250,https://www.cheese.com/boulette-davesnes/,France,Avesnes,43,2023-03-03
251,251,https://www.cheese.com/bouncing-berry/,United Kingdom,,44,2023-12-17
252,252,https://www.cheese.com/bourdin-goat-log/,France,,38,2023-10-17
253,253,https://www.cheese.com/boursault/,France,,36,2023-10-10
254,254,https://www.cheese.com/boursin/,France,Croisy-sur-Eure,33,2023-03-18
255,255,https://www.cheese.com/bouyguette/,France,,37,2023-12-31
256,256,https://www.cheese.com/bouyssou/,France,Aveyron,30,2023-07-13
257,257,https://www.cheese.com/boyne-valley-ban/,Ireland,,30,2023-05-06
258,258,https://www.cheese.com/bra/,Italy,Piedmont,38,2023-09-17
259,259,https://www.cheese.com/braudostur/,Iceland,,38,2023-02-17
260,260,https://www.cheese.com/breakfast-cheese/,United States,California,45,2023-06-17
261,261,https://www.cheese.com/brebirousse-dargental/,France,,45,2023-03-13
262,262,https://www.cheese.com/brebis-dazure/,"Canada, Italy",Lombardy,48,2023-06-04
263,263,https://www.cheese.com/brebis-du-lavort/,France,Auvergne,38,2023-09-07
264,264,https://www.cheese.com/brebis-du-puyfaucon/,France,Haute Vienne,43,2023-03-26
265,265,https://www.cheese.com/vegan-bree/,United Kingdom,,50,2023-12-28
266,266,https://www.cheese.com/brefu-bach/,Wales,,42,2023-03-12
267,267,https://www.cheese.com/bresse-bleu/,France,,36,2023-01-17
268,268,https://www.cheese.com/brewers-gold/,Ireland,Stoneyford,50,2023-04-23
269,269,https://www.cheese.com/brick/,United States,Wisconsin,44,2023-10-14
270,270,https://www.cheese.com/vegan-brick-lane-bree-cheese/,United Kingdom,,39,2023-12-25
271,271,https://www.cheese.com/bridgewater/,United States,"Ann Arbor, Michigan",41,2023-11-26
272,272,https://www.cheese.com/brie/,France,,37,2023-04-09
273,273,https://www.cheese.com/brie-au-poivre-brie-with-pepper/,France,,42,2023-02-25
274,274,https://www.cheese.com/brie-coco/,Canada,Québec,47,2023-03-10
275,275,https://www.cheese.com/brie-dalexis/,Canada,Quebec,39,2023-11-30
276,276,https://www.cheese.com/brie-de-meaux/,France,Ile de France,37,2023-05-17
277,277,https://www.cheese.com/brie-de-melun/,France,Ile de France,36,2023-02-08
278,278,https://www.cheese.com/brie-de-portneuf/,Canada,Quebec,37,2023-10-31
279,279,https://www.cheese.com/brie-de-portneuf-double-cream/,Canada,Quebec,38,2023-10-27
280,280,https://www.cheese.com/brightwell-ash/,United Kingdom,South East England,35,2023-07-28
281,281,https://www.cheese.com/brillat-savarin/,France,Ile de France,34,2023-11-10
282,282,https://www.cheese.com/brillo-di-treviso/,Italy,Veneto,43,2023-07-15
283,283,https://www.cheese.com/brimstone/,United States,Missouri,35,2023-02-16
284,284,https://www.cheese.com/brin/,France,Rhone-Alps,40,2023-05-16
285,285,https://www.cheese.com/brin-damour/,France,,38,2023-12-30
286,286,https://www.cheese.com/brinza---feta-style/,New Zealand,Queenstown,48,2023-05-04
287,287,https://www.cheese.com/briquette-de-brebis/,France,Averyon,40,2023-05-14
288,288,https://www.cheese.com/briquette-du-forez/,France,Auvergne,44,2023-08-26
289,289,https://www.cheese.com/briscola/,Italy,Veneto,35,2023-08-09
290,290,https://www.cheese.com/brise-du-matin/,Canada,Quebec,41,2023-09-19
291,291,https://www.cheese.com/vegan-brixton-blue-cheese/,United Kingdom,,48,2023-03-05
292,292,https://www.cheese.com/brocciu/,France,Corsica,47,2023-01-12
293,293,https://www.cheese.com/broncha/,United States,California,37,2023-11-16
294,294,https://www.cheese.com/brousse-du-rove/,France,"Bas-Languedoc, Comtat Venaissin",31,2023-06-23
295,295,https://www.cheese.com/browns-gulch/,United States,Oregon,42,2023-03-12
296,296,https://www.cheese.com/bruder-basil/,Germany,Bavaria,50,2023-07-17
297,297,https://www.cheese.com/brunost/,"Denmark, Finland, Germany, Iceland, Norway, Sweden",,42,2023-04-05
298,298,https://www.cheese.com/brusselae-kaas-fromage-de-bruxelles/,Belgium,,47,2023-12-26
299,299,https://www.cheese.com/brutal-blue/,United States,Oregon,35,2023-11-29
300,300,https://www.cheese.com/bryndza/,"Hungary, Poland, Slovakia",,38,2023-06-13
301,301,https://www.cheese.com/branza-de-burduf/,Romania,Romanian Carpathians,31,2023-11-25
302,302,https://www.cheese.com/buche-de-chevre/,France,,43,2023-07-03
303,303,https://www.cheese.com/bucheret/,United States,California,36,2023-06-17
304,304,https://www.cheese.com/buchette-danjou/,France,Loire,33,2023-06-29
305,305,https://www.cheese.com/buchette-de-manon/,France,,36,2023-07-20
306,306,https://www.cheese.com/bufala-soldier/,United States,Colorado,41,2023-04-10
307,307,https://www.cheese.com/bufalino/,Italy,,30,2023-05-05
308,308,https://www.cheese.com/bufarolo/,Italy,Lombardy,37,2023-03-19
309,309,https://www.cheese.com/buff-blue/,United States,Southern California,36,2023-06-20
310,310,https://www.cheese.com/burgos/,Spain,Castille-Leon,38,2023-03-29
311,311,https://www.cheese.com/burrata/,"Italy, United States",Apulia,49,2023-06-03
312,312,https://www.cheese.com/burwash-rose/,"England, Great Britain, United Kingdom","Stonegate, East Sussex",30,2023-11-19
313,313,https://www.cheese.com/burwood-bole/,"England, Great Britain, United Kingdom",Dorset,45,2023-10-06
314,314,https://www.cheese.com/butte/,France,,34,2023-06-17
315,315,https://www.cheese.com/buttercup/,United States,Colorado,44,2023-10-27
316,316,https://www.cheese.com/butterkase/,"Austria, Germany",,40,2023-01-14
317,317,https://www.cheese.com/buttermilk-blue/,United States,Wisconsin,32,2023-08-19
318,318,https://www.cheese.com/buttermilk-blue-affinee/,United States,Wisconsin,41,2023-09-22
319,319,https://www.cheese.com/buttermilk-gorgonzola/,United States,Wisconsin,44,2023-02-10
320,320,https://www.cheese.com/butternut/,United States,Vermont,38,2023-06-01
321,321,https://www.cheese.com/buxton-blue/,"England, United Kingdom","Buxton, Derbyshire",48,2023-08-18
322,322,https://www.cheese.com/byaslag/,Mongolia,,32,2023-09-12
323,323,https://www.cheese.com/buchette-la-sarriette/,France,,36,2023-11-12
324,324,https://www.cheese.com/cabecou/,France,Midi-Pyrenees,49,2023-09-18
325,325,https://www.cheese.com/cabecou-feuille-darmagnac/,France,,33,2023-06-28
326,326,https://www.cheese.com/caboc/,Scotland,,31,2023-03-17
327,327,https://www.cheese.com/cabot-clothbound/,United States,Vermont,34,2023-07-23
328,328,https://www.cheese.com/cabrales/,Spain,,49,2023-01-19
329,329,https://www.cheese.com/cachaille/,France,Puimichel in Provence Alpes,44,2023-11-24
330,330,https://www.cheese.com/cacio-de-roma/,Italy,,50,2023-11-17
331,331,https://www.cheese.com/cacio-di-bosco-al-tartufo/,Italy,Tuscany,31,2023-06-25
332,332,https://www.cheese.com/caciobarricato/,Italy,Veneto,45,2023-05-08
333,333,https://www.cheese.com/caciobirraio/,Italy,Veneto,46,2023-06-14
334,334,https://www.cheese.com/caciobufala/,Italy,Campania,50,2023-03-27
335,335,https://www.cheese.com/caciocavallo/,Italy,,43,2023-06-27
336,336,https://www.cheese.com/caciocavallo-di-bufala/,Italy,,32,2023-04-22
337,337,https://www.cheese.com/caciocavallo-podolico-vetus/,Italy,,43,2023-01-13
338,338,https://www.cheese.com/cacioradicchio/,Italy,Veneto,41,2023-12-17
339,339,https://www.cheese.com/caciotta/,Italy,,45,2023-05-01
340,340,https://www.cheese.com/caciotta-al-tartufo/,Italy,"Umbria, Lazio",35,2023-10-19
341,341,https://www.cheese.com/cacow-belle/,United States,Oregon,32,2023-10-07
342,342,https://www.cheese.com/caerphilly/,"United Kingdom, Wales","Wales, London",50,2023-01-07
343,343,https://www.cheese.com/cahills-irish-porter-cheddar/,Ireland,,38,2023-06-02
344,344,https://www.cheese.com/cahills-whiskey-cheese/,Ireland,Co Limerick,41,2023-09-26
345,345,https://www.cheese.com/cairnsmore/,Scotland,Wigtownshire,50,2023-07-25
346,346,https://www.cheese.com/calcagno/,Italy,Sardinia & Campania,30,2023-11-14
347,347,https://www.cheese.com/calenzana/,France,Upper Corsica,31,2023-03-30
348,348,https://www.cheese.com/california-crottin/,United States,,36,2023-07-02
349,349,https://www.cheese.com/cambazola/,Germany,,47,2023-07-12
350,350,https://www.cheese.com/cambozola-grand-noir/,Germany,Allgäu,42,2023-11-04
351,351,https://www.cheese.com/cambus-omay/,Scotland,Aberdeenshire,45,2023-01-07
352,352,https://www.cheese.com/camembert/,France,,31,2023-02-10
353,353,https://www.cheese.com/camembert-calvados/,France,,40,2023-09-24
354,354,https://www.cheese.com/camembert-de-normandie/,France,Normandy,37,2023-12-10
355,355,https://www.cheese.com/camembert-de-portneuf/,Canada,Quebec,33,2023-04-25
356,356,https://www.cheese.com/camembert-des-camarades/,Canada,Quebec,40,2023-08-05
357,357,https://www.cheese.com/cameo/,United States,California,33,2023-10-11
358,358,https://www.cheese.com/campfire/,United States,Port Townsend,47,2023-12-01
359,359,https://www.cheese.com/campi/,Italy,Lombardy,34,2023-03-06
360,360,https://www.cheese.com/cana-de-cabra/,Spain,Murcia,43,2023-04-19
361,361,https://www.cheese.com/canadian-cheddar/,Canada,Ontario,50,2023-05-21
362,362,https://www.cheese.com/canarejal/,Spain,,37,2023-11-23
363,363,https://www.cheese.com/canastra-cheese/,Brazil,"Serra da Canastra, Minas Gerais state",45,2023-09-25
364,364,https://www.cheese.com/cancoillotte-cancoyotte/,France,,43,2023-10-07
365,365,https://www.cheese.com/canestrato/,Italy,Moliterno,50,2023-05-04
366,366,https://www.cheese.com/cantal/,France,,39,2023-03-15
367,367,https://www.cheese.com/cap-cressy/,"Canada, Italy",Lombardy,44,2023-05-09
368,368,https://www.cheese.com/cape-vessey/,Canada,"Prince Edward County, Ontario",45,2023-04-05
369,369,https://www.cheese.com/capra-al-fieno/,Italy,"Treviso, Veneto",48,2023-01-07
370,370,https://www.cheese.com/capra-al-pepe/,Italy,"Treviso, Veneto",42,2023-08-27
371,371,https://www.cheese.com/capra-nouveau/,England,"Chelmarsh, Bridgnorth, Shropshire",37,2023-01-08
372,372,https://www.cheese.com/caprano/,Canada,Quebec,34,2023-10-16
373,373,https://www.cheese.com/capraricca/,Italy,Veneto,48,2023-01-28
374,374,https://www.cheese.com/caprese-di-bufala/,Italy,Veneto,47,2023-10-09
375,375,https://www.cheese.com/capri-blu/,"Canada, Italy",Lombardy,42,2023-05-10
376,376,https://www.cheese.com/capriago/,United States,"Sebastopol, California",39,2023-04-23
377,377,https://www.cheese.com/caprice/,"Canada, Italy",Lombardy,44,2023-11-15
378,378,https://www.cheese.com/caprice-des-dieux/,France,Illoud (Haute-Marne),42,2023-11-21
379,379,https://www.cheese.com/capricious/,United States,"Petaluma, California",40,2023-06-08
380,380,https://www.cheese.com/capricorn-somerset-goats-cheese/,England,Somerset,38,2023-11-19
381,381,https://www.cheese.com/capriny/,Canada,Quebec,34,2023-02-25
382,382,https://www.cheese.com/capriole-banon/,United States,"Greenville, Indiana",32,2023-01-12
383,383,https://www.cheese.com/caprotto/,Italy,Campania,41,2023-02-07
384,384,https://www.cheese.com/carabiner/,United States,California,32,2023-04-29
385,385,https://www.cheese.com/caravane/,Mauritania,,42,2023-03-27
386,386,https://www.cheese.com/carboncino/,Italy,,46,2023-06-18
387,387,https://www.cheese.com/cardo/,"England, Scotland, Wales","Timsbury, Somerset",43,2023-06-11
388,388,https://www.cheese.com/carlina/,Italy,Veneto,33,2023-07-23
389,389,https://www.cheese.com/carlow/,Ireland,County Carlow,36,2023-10-28
390,390,https://www.cheese.com/carmody/,United States,California,43,2023-09-19
391,391,https://www.cheese.com/carnia-altobut/,Italy,Carnia,47,2023-04-21
392,392,https://www.cheese.com/caronzola/,Canada,Quebec,48,2023-09-11
393,393,https://www.cheese.com/carr-valley-glacier-wildfire-blue/,United States,Wisconsin,35,2023-10-19
394,394,https://www.cheese.com/carre-de-lest/,France,,45,2023-07-05
395,395,https://www.cheese.com/carrick/,Scotland,,34,2023-01-03
396,396,https://www.cheese.com/carrot-rebel/,Austria,Sulzberg,44,2023-01-17
397,397,https://www.cheese.com/carrowholly/,Ireland,Co. Mayo,43,2023-02-04
398,398,https://www.cheese.com/casatica/,Italy,Lombardy,46,2023-05-24
399,399,https://www.cheese.com/casciotta-di-urbino/,Italy,Pesaro-Urbino,35,2023-05-14
400,400,https://www.cheese.com/cashel-blue/,Ireland,,42,2023-08-19
401,401,https://www.cheese.com/cashew-nut-cream-cheese/,United States,Brooklyn NY,49,2023-11-10
402,402,https://www.cheese.com/castelmagno/,Italy,Piedmont,46,2023-09-13
403,403,https://www.cheese.com/castelo-branco/,Portugal,"Castelo Branco, Fundão and Idanha-a-Nova",36,2023-02-21
404,404,https://www.cheese.com/castigliano/,Spain,Castile-Leon,43,2023-08-30
405,405,https://www.cheese.com/castillon-frais/,France,,40,2023-03-26
406,406,https://www.cheese.com/castle-blue/,Canada,British Columbia,50,2023-01-14
407,407,https://www.cheese.com/casu-marzu/,"France, Italy","Sardinia (Italy), Southern Corsica (France)",43,2023-08-03
408,408,https://www.cheese.com/cathelain/,France,,38,2023-01-28
409,409,https://www.cheese.com/catupiry/,Brazil,,34,2023-03-21
410,410,https://www.cheese.com/cave-aged-marisa/,United States,Wisconsin,30,2023-08-17
411,411,https://www.cheese.com/cave-rebel/,Austria,Sulzberg,38,2023-03-24
412,412,https://www.cheese.com/caveman-blue/,United States,Oregon,38,2023-12-07
413,413,https://www.cheese.com/caws-cenarth-black-sheep/,Wales,,44,2023-06-26
414,414,https://www.cheese.com/caws-penhelyg-abaty/,Wales,,50,2023-03-18
415,415,https://www.cheese.com/cayuga-blue/,United States,NY,35,2023-11-11
416,416,https://www.cheese.com/cello-thick-smooth-mascarpone/,United States,,35,2023-12-30
417,417,https://www.cheese.com/celtic-promise/,United Kingdom,Ceredigion,36,2023-02-27
418,418,https://www.cheese.com/cendre-dolivet/,France,Centre-Val de Loire,30,2023-08-31
419,419,https://www.cheese.com/cendre-des-pres/,Canada,Quebec,50,2023-08-17
420,420,https://www.cheese.com/cerney-pyramid/,"England, Great Britain, United Kingdom",Cotswolds,40,2023-11-23
421,421,https://www.cheese.com/chabichou-du-poitou/,France,,37,2023-09-13
422,422,https://www.cheese.com/chabis-de-gatine/,France,Poitou-Charentes,39,2023-03-30
423,423,https://www.cheese.com/challerhocker/,Switzerland,"St. Gallen (canton), Tufertschwil",47,2023-10-30
424,424,https://www.cheese.com/champignon-de-luxe-garlic/,Germany,Allgäu,45,2023-11-19
425,425,https://www.cheese.com/champignon-de-luxe-pepper/,Germany,Allgäu,40,2023-05-25
426,426,https://www.cheese.com/champignon-mushrooom/,Germany,Allgäu,42,2023-10-31
427,427,https://www.cheese.com/chaource/,France,,38,2023-12-22
428,428,https://www.cheese.com/chapmans-pasture/,United States,Vermont,46,2023-01-02
429,429,https://www.cheese.com/charolais/,France,Bourgogne,44,2023-05-29
430,430,https://www.cheese.com/chaumes/,France,St Antoine,37,2023-11-07
431,431,https://www.cheese.com/chavroux/,France,,50,2023-07-18
432,432,https://www.cheese.com/checkerboard-cheddar/,United States,NY,38,2023-07-16
433,433,https://www.cheese.com/cheddar/,England,,45,2023-01-23
434,434,https://www.cheese.com/cheddar-ladida-lavender/,United States,Oregon,46,2023-04-13
435,435,https://www.cheese.com/cheddar-with-irish-porter/,Ireland,Kilmallock County Limerick,42,2023-07-08
436,436,https://www.cheese.com/cheddar-with-red-wine/,Ireland,Kilmallock County Limerick,41,2023-05-21
437,437,https://www.cheese.com/cheese-curds/,"Canada, India, United States",,38,2023-02-06
438,438,https://www.cheese.com/chelsea-blue/,Australia,"Mornington Peninsula, Melbourne",44,2023-10-14
439,439,https://www.cheese.com/cherni-vit/,Bulgaria,Central Balkan Mountains,44,2023-10-04
440,440,https://www.cheese.com/cherokee-rose/,United States,Georgia,50,2023-02-15
441,441,https://www.cheese.com/cheshire/,United Kingdom,,39,2023-04-22
442,442,https://www.cheese.com/chevre-en-marinade/,United States,Colorado,36,2023-06-20
443,443,https://www.cheese.com/chevre-log/,United States,California,35,2023-09-03
444,444,https://www.cheese.com/chevrotin-des-aravis/,France,Haute-Savoie / Upper Savoy,33,2023-11-26
445,445,https://www.cheese.com/chhurpi/,"China, Nepal, Tibet",,31,2023-03-16
446,446,https://www.cheese.com/childwickbury/,"England, Great Britain, United Kingdom","Odell, Bedfordshire",40,2023-08-29
447,447,https://www.cheese.com/chile-jack/,United States,Colorado,48,2023-09-18
448,448,https://www.cheese.com/chile-caciotta/,Italy,,48,2023-07-26
449,449,https://www.cheese.com/chimney-rock/,United States,California,46,2023-02-08
450,450,https://www.cheese.com/chiriboga-blue/,Germany,Allgau,30,2023-08-30
451,451,https://www.cheese.com/chocolate-lab/,United States,Fairview,37,2023-08-08
452,452,https://www.cheese.com/chocolate-stout-cheddar/,United States,Oregon,30,2023-12-25
453,453,https://www.cheese.com/chontaleno/,Mexico,,41,2023-05-07
454,454,https://www.cheese.com/chorlton-blue-cheshire/,"England, Great Britain, United Kingdom",Cheshire,37,2023-08-21
455,455,https://www.cheese.com/chura-kampo/,"China, Tibet",Tibet,48,2023-03-06
456,456,https://www.cheese.com/chateau-de-versailles/,Canada,Quebec,32,2023-12-17
457,457,https://www.cheese.com/chevre/,France,,48,2023-12-04
458,458,https://www.cheese.com/chevre-des-neiges/,Canada,Quebec,43,2023-05-23
459,459,https://www.cheese.com/cilentano-ai-fichi/,Italy,Calabria,48,2023-12-17
460,460,https://www.cheese.com/cinerino/,Italy,Campania,42,2023-06-20
461,461,https://www.cheese.com/cirrus/,United States,Port Townsend,44,2023-11-07
462,462,https://www.cheese.com/civray/,France,,32,2023-01-22
463,463,https://www.cheese.com/classic-blue-log/,United States,Massachusetts,35,2023-07-24
464,464,https://www.cheese.com/classico-pecorino-senese/,Italy,Tuscany,46,2023-03-14
465,465,https://www.cheese.com/classico-riserva/,Italy,Tuscany,42,2023-09-21
466,466,https://www.cheese.com/classics-fresh-mozzarella/,United States,Wisconsin,36,2023-04-18
467,467,https://www.cheese.com/clava-brie/,Scotland,,46,2023-01-26
468,468,https://www.cheese.com/clonmore/,Ireland,Co. Cork,32,2023-06-13
469,469,https://www.cheese.com/coalho/,Brazil,Northeastern Brazil,39,2023-08-04
470,470,https://www.cheese.com/coastal-cheddar/,England,Dorset,31,2023-07-08
471,471,https://www.cheese.com/coeur-de-camembert-au-calvados/,France,Lower Normandy,31,2023-03-05
472,472,https://www.cheese.com/coeur-de-chevre/,France,Gâtinais,33,2023-04-20
473,473,https://www.cheese.com/colby/,United States,"Colby, Wisconsin",30,2023-08-09
474,474,https://www.cheese.com/colby-jack/,United States,,44,2023-05-06
475,475,https://www.cheese.com/cold-pack/,United States,Wisconsin,36,2023-06-29
476,476,https://www.cheese.com/colony-cheese/,Brazil,Rio Grande do Sul,36,2023-04-12
477,477,https://www.cheese.com/colorouge/,United States,Colorado,47,2023-06-10
478,478,https://www.cheese.com/colston-bassett-stilton/,"England, Great Britain, United Kingdom",East Midlands,30,2023-11-19
479,479,https://www.cheese.com/comox-brie/,Canada,British Columbia,49,2023-09-11
480,480,https://www.cheese.com/comox-camembert/,Canada,Quebec,50,2023-04-22
481,481,https://www.cheese.com/comte/,France,,34,2023-03-26
482,482,https://www.cheese.com/comte-12-months/,France,,36,2023-05-21
483,483,https://www.cheese.com/comte-18-months/,France,,50,2023-10-12
484,484,https://www.cheese.com/comtomme/,Canada,Québec,35,2023-01-21
485,485,https://www.cheese.com/conciato-al-pepe/,Italy,Veneto,35,2023-05-12
486,486,https://www.cheese.com/condio/,Italy,"Piave Valley, Italy",44,2023-05-31
487,487,https://www.cheese.com/connemara/,United States,Fairview,42,2023-02-23
488,488,https://www.cheese.com/consider-bardwell-farm-manchester/,United States,Vermont,41,2023-03-30
489,489,https://www.cheese.com/coolattin-cheddar/,Ireland,Co. Carlow,50,2023-04-09
490,490,https://www.cheese.com/coolea/,Ireland,,43,2023-10-21
491,491,https://www.cheese.com/cooleney/,Ireland,Tipperary,44,2023-08-13
492,492,https://www.cheese.com/coquetdale/,England,Coquet,31,2023-06-27
493,493,https://www.cheese.com/corleggy/,Ireland,County Cavan,40,2023-04-25
494,494,https://www.cheese.com/cornish-blue/,England,Cornwall,45,2023-01-08
495,495,https://www.cheese.com/cornish-brie/,"England, Great Britain, United Kingdom",Cornwall,49,2023-09-25
496,496,https://www.cheese.com/cornish-crumbly/,England,North Cornwall,36,2023-12-16
497,497,https://www.cheese.com/cornish-kern/,,Cornwall,50,2023-06-29
498,498,https://www.cheese.com/cornish-pepper/,England,,43,2023-06-09
499,499,https://www.cheese.com/cornish-smuggler/,England,North Cornwall,34,2023-11-09
500,500,https://www.cheese.com/cornish-wild-garlic-yarg/,England,,40,2023-08-26
501,501,https://www.cheese.com/cornish-yarg/,England,,44,2023-01-07
502,502,https://www.cheese.com/corra-linn/,Scotland,,45,2023-02-26
503,503,https://www.cheese.com/cote-hill-blue/,"England, United Kingdom",Lincolnshire,40,2023-01-03
504,504,https://www.cheese.com/cote-hill-snowdrop/,,,42,2023-09-19
505,505,https://www.cheese.com/cotherstone/,"England, United Kingdom",Cotherstone,37,2023-07-21
506,506,https://www.cheese.com/cotija/,Mexico,,44,2023-10-01
507,507,https://www.cheese.com/cotswold/,"England, United Kingdom",Gloucestershire County,37,2023-11-16
508,508,https://www.cheese.com/cottage-cheese/,"United Kingdom, United States",,43,2023-08-18
509,509,https://www.cheese.com/cottage-cheese-australian/,Australia,,45,2023-11-05
510,510,https://www.cheese.com/cougar-gold/,United States,"Pullman, Washington",44,2023-05-30
511,511,https://www.cheese.com/coulommiers/,France,,40,2023-11-26
512,512,https://www.cheese.com/counting-sheepand-goats/,"Canada, Italy",Lombardy,44,2023-09-19
513,513,https://www.cheese.com/country-morning/,Canada,British Columbia,46,2023-04-16
514,514,https://www.cheese.com/coupole/,United States,Vermont,47,2023-10-08
515,515,https://www.cheese.com/couronne-lochoise/,France,Loire Valley,30,2023-06-04
516,516,https://www.cheese.com/coverdale/,"England, United Kingdom",North Yorkshire,50,2023-07-03
517,517,https://www.cheese.com/cows-milk-gouda/,United States,Maine,34,2023-05-08
518,518,https://www.cheese.com/cracked-pepper-chevre/,United States,Colorado,42,2023-02-16
519,519,https://www.cheese.com/cranborne/,"England, Great Britain, United Kingdom",Dorset,30,2023-04-24
520,520,https://www.cheese.com/cratloe-hills/,Ireland,"Brickhill, Co. Clare",30,2023-08-04
521,521,https://www.cheese.com/cravero-parmigiano-reggiano/,Italy,Modena,41,2023-04-02
522,522,https://www.cheese.com/crayeux-de-roncq/,France,Roncq,49,2023-07-17
523,523,https://www.cheese.com/cream-cheese/,United States,,44,2023-06-26
524,524,https://www.cheese.com/cream-cheesy-bliss/,"Canada, United States",,48,2023-02-13
525,525,https://www.cheese.com/cream-havarti/,Denmark,,48,2023-03-27
526,526,https://www.cheese.com/creamy-gouda/,Netherlands,,40,2023-02-10
527,527,https://www.cheese.com/creamy-lancashire/,England,,35,2023-12-07
528,528,https://www.cheese.com/crema-de-blue/,United States,New Jersey,45,2023-01-10
529,529,https://www.cheese.com/crema-mexicana/,Mexico and Caribbean,,46,2023-06-20
530,530,https://www.cheese.com/crema-agria/,Mexico and Caribbean,,47,2023-11-20
531,531,https://www.cheese.com/cremet/,"England, Great Britain, United Kingdom",Devon,33,2023-06-07
532,532,https://www.cheese.com/cremig-extra-wurzig-bergkase-aus-dem-schweizer-jura/,Switzerland,Jura,40,2023-07-19
533,533,https://www.cheese.com/cremont/,United States,Vermont,42,2023-02-21
534,534,https://www.cheese.com/crenoble/,Germany,Landshut,48,2023-09-25
535,535,https://www.cheese.com/crescenza-di-bufala/,Italy,Lombardy,45,2023-06-21
536,536,https://www.cheese.com/crescenza/,Italy,,36,2023-10-14
537,537,https://www.cheese.com/cressy-blu/,"Canada, Italy",Lombardy,49,2023-01-21
538,538,https://www.cheese.com/criffel/,"Scotland, United Kingdom",Dumfriesshire,30,2023-07-19
539,539,https://www.cheese.com/criollo-cheese/,Mexico,Taxco,43,2023-02-27
540,540,https://www.cheese.com/crocodile-tear/,United States,Indiana,44,2023-10-29
541,541,https://www.cheese.com/croghan/,Ireland,County Wexford,34,2023-06-02
542,542,https://www.cheese.com/crotonese/,Italy,Crotone,38,2023-06-09
543,543,https://www.cheese.com/crottin-de-champcol/,France,,45,2023-03-06
544,544,https://www.cheese.com/crottin-de-chavignol/,France,,38,2023-04-10
545,545,https://www.cheese.com/crowdie/,Scotland,,47,2023-06-08
546,546,https://www.cheese.com/crowley/,United States,Vermont,39,2023-01-19
547,547,https://www.cheese.com/crozier/,Ireland,"Fethard, Co Tipperary",43,2023-04-29
548,548,https://www.cheese.com/crucolo/,Italy,,47,2023-02-09
549,549,https://www.cheese.com/crumbly-lancashire/,England,,47,2023-01-16
550,550,https://www.cheese.com/cremonte/,Germany,Landshut,33,2023-09-16
551,551,https://www.cheese.com/cuajada/,Spain,,46,2023-08-31
552,552,https://www.cheese.com/cubetto/,Italy,Campania,32,2023-12-10
553,553,https://www.cheese.com/cuor-di-burrata/,Italy,Campania,36,2023-10-12
554,554,https://www.cheese.com/cup-cheese/,United States,Pennsylvania,43,2023-12-06
555,555,https://www.cheese.com/cure-nantais/,France,Anjou,47,2023-08-08
556,556,https://www.cheese.com/curworthy/,England,Devon,30,2023-12-19
557,557,https://www.cheese.com/cwmtawe-pecorino/,Italy,Oristano,39,2023-10-07
558,558,https://www.cheese.com/cypress-grove-chevre/,United States,California,34,2023-01-13
559,559,https://www.cheese.com/laffine-au-chablis/,France,,43,2023-10-15
560,560,https://www.cheese.com/lamuse-brabander-goat-gouda/,Netherlands,Northern Holland,41,2023-02-06
561,561,https://www.cheese.com/lamuse-signature-gouda/,Netherlands,,37,2023-03-03
562,562,https://www.cheese.com/laveyronnais/,France,massif des Causses,42,2023-10-21
563,563,https://www.cheese.com/lecir-de-laubrac/,France,Auvergne,35,2023-05-15
564,564,https://www.cheese.com/lempereur/,Canada,Quebec,47,2023-11-14
565,565,https://www.cheese.com/letivaz/,Switzerland,,35,2023-06-21
566,566,https://www.cheese.com/letoile-de-st-raymond/,Canada,Quebec,44,2023-06-05
567,567,https://www.cheese.com/la-bonaparte/,Canada,Quebec,47,2023-05-14
568,568,https://www.cheese.com/la-casatella/,Italy,Veneto,30,2023-02-22
569,569,https://www.cheese.com/la-couronne-fort-aged-comte/,"France, Switzerland",Franche Comté,47,2023-12-25
570,570,https://www.cheese.com/la-fleurie/,United States,Vermont,34,2023-06-09
571,571,https://www.cheese.com/la-peral/,Spain,,41,2023-06-25
572,572,https://www.cheese.com/la-pyramide/,Canada,British Columbia,34,2023-08-10
573,573,https://www.cheese.com/la-retorta/,Spain,,44,2023-09-09
574,574,https://www.cheese.com/la-rumeur/,Canada,Quebec,44,2023-01-27
575,575,https://www.cheese.com/la-sauvagine/,Canada,Quebec,38,2023-06-03
576,576,https://www.cheese.com/la-sauvagine-reserve/,Canada,Quebec,31,2023-06-18
577,577,https://www.cheese.com/la-serena/,Spain,Extremadura,48,2023-06-18
578,578,https://www.cheese.com/la-taupiniere/,France,Poitou-Charentes,38,2023-08-05
579,579,https://www.cheese.com/la-tur/,Italy,Alba,46,2023-06-16
580,580,https://www.cheese.com/la-vache-qui-rit/,France,,41,2023-08-20
581,581,https://www.cheese.com/labneh/,Middle East,,38,2023-03-18
582,582,https://www.cheese.com/lacey-grey/,Canada,"Prince Edward County, Ontario",43,2023-11-04
583,583,https://www.cheese.com/laclare-farms-chandoka/,United States,,48,2023-05-24
584,584,https://www.cheese.com/laclare-farms-cheddar/,United States,Wisconsin,49,2023-05-13
585,585,https://www.cheese.com/laclare-farms-chevre/,United States,Wisconsin,45,2023-06-12
586,586,https://www.cheese.com/laclare-farms-evalon/,United States,Wisconsin,50,2023-12-11
587,587,https://www.cheese.com/laclare-farms-evalon-cummin/,United States,Wisconsin,30,2023-01-14
588,588,https://www.cheese.com/laclare-farms-evalon-fenugreek/,United States,Wisconsin,41,2023-09-16
589,589,https://www.cheese.com/laclare-farms-fondry-jack/,United States,Wisconsin,49,2023-01-03
590,590,https://www.cheese.com/laclare-farms-martone/,United States,Wisconsin,48,2023-07-02
591,591,https://www.cheese.com/laclare-farms-raw-goats-milk-cheddar/,United States,Wisconsin,43,2023-10-08
592,592,https://www.cheese.com/laclare-ziege-zacke-blue/,United States,Wisconsin,46,2023-04-29
593,593,https://www.cheese.com/lacy-swiss/,United States,,40,2023-09-08
594,594,https://www.cheese.com/lady-jane/,Canada,British Columbia,30,2023-09-11
595,595,https://www.cheese.com/laganory/,Scotland,,31,2023-12-16
596,596,https://www.cheese.com/laguiole/,France,"Aveyron, Laguiole",42,2023-09-07
597,597,https://www.cheese.com/lairobell/,"Scotland, United Kingdom",Orkney Isles,31,2023-11-18
598,598,https://www.cheese.com/lajta/,Hungary,,47,2023-07-03
599,599,https://www.cheese.com/lake-district-extra-mature-cheddar/,United Kingdom,Cumbrian,33,2023-01-28
600,600,https://www.cheese.com/lake-district-mature-cheddar/,United Kingdom,Cumbrian,36,2023-05-16
601,601,https://www.cheese.com/lamb-chopper/,"Netherlands, United States",California,43,2023-03-12
602,602,https://www.cheese.com/lanark-blue/,Scotland,,42,2023-04-13
603,603,https://www.cheese.com/lanark-white/,Scotland,,41,2023-08-25
604,604,https://www.cheese.com/lancashire-smoked/,England,,37,2023-08-03
605,605,https://www.cheese.com/landaff/,United States,New Hampshire,50,2023-02-12
606,606,https://www.cheese.com/langres/,France,,45,2023-10-17
607,607,https://www.cheese.com/lappi/,Finland,Lapland,41,2023-03-27
608,608,https://www.cheese.com/largo/,United States,California,39,2023-10-22
609,609,https://www.cheese.com/laruns/,France,Laruns,43,2023-06-05
610,610,https://www.cheese.com/latteria-navel/,Italy,Friuli-Venezia Giulia and the Veneto,40,2023-04-07
611,611,https://www.cheese.com/latteria-san-biagio/,Italy,Veneto,34,2023-11-30
612,612,https://www.cheese.com/laura-chenel-taupiniere/,United States,"Carneros, Sonoma, California",32,2023-07-28
613,613,https://www.cheese.com/laura-chenel-tome/,United States,"Sonoma, California",40,2023-10-13
614,614,https://www.cheese.com/laura-chenels-cabecou/,United States,California,46,2023-02-01
615,615,https://www.cheese.com/lavistown/,Ireland,Stoneyford,43,2023-10-07
616,616,https://www.cheese.com/le-brebiou/,France,Pyrénées-Atlantiques,36,2023-03-07
617,617,https://www.cheese.com/le-brin/,France,Rhone-Alps,30,2023-04-18
618,618,https://www.cheese.com/le-cendrillon/,Canada,Quebec,40,2023-06-15
619,619,https://www.cheese.com/le-chevrot/,France,Loire Valley,30,2023-08-02
620,620,https://www.cheese.com/le-conquerant-camembert/,France,"Pays d’Auge, Normandy",47,2023-04-07
621,621,https://www.cheese.com/le-conquerant-demi-pont-leveque/,"Australia, France",,43,2023-12-04
622,622,https://www.cheese.com/le-double-joie/,Canada,Quebec,41,2023-11-15
623,623,https://www.cheese.com/le-duc-vacherin/,France,Franche Comté,49,2023-11-14
624,624,https://www.cheese.com/le-fium-orbo/,France,,39,2023-12-15
625,625,https://www.cheese.com/le-gruyere-aop/,Switzerland,,42,2023-02-24
626,626,https://www.cheese.com/le-lacandou/,France,Aveyron,33,2023-04-03
627,627,https://www.cheese.com/le-marquis-chevre/,France,Rhone Valley,38,2023-04-02
628,628,https://www.cheese.com/le-marechal/,Switzerland,,38,2023-05-13
629,629,https://www.cheese.com/le-moutier/,Canada,Québec,36,2023-08-19
630,630,https://www.cheese.com/le-reflet-de-portneuf/,Canada,Quebec,31,2023-06-18
631,631,https://www.cheese.com/le-st-raymond/,Canada,Quebec,40,2023-10-07
632,632,https://www.cheese.com/le-wavreumont/,Belgium,Wallonia,41,2023-05-06
633,633,https://www.cheese.com/leafield/,Great Britain,Oxfordshire,36,2023-07-21
634,634,https://www.cheese.com/lebbene/,Israel,,47,2023-12-22
635,635,https://www.cheese.com/leerdammer/,Netherlands,"Schoonrewoerd, Leerdam",45,2023-12-04
636,636,https://www.cheese.com/legacy/,United States,Missouri,43,2023-02-16
637,637,https://www.cheese.com/legato/,United States,California,40,2023-11-08
638,638,https://www.cheese.com/lemon-fetish/,Canada,"Prince Edward County, Ontario",39,2023-04-20
639,639,https://www.cheese.com/lemon-myrtle-chevre/,Australia,South Australia,38,2023-09-06
640,640,https://www.cheese.com/leonora/,Spain,Castilla Leon,38,2023-01-09
641,641,https://www.cheese.com/les-calendos/,Canada,Quebec,32,2023-01-22
642,642,https://www.cheese.com/leyden/,Netherlands,Leiden,50,2023-01-28
643,643,https://www.cheese.com/liburnski-sir/,Croatia,old Liburnia (Dalmatia),39,2023-08-24
644,644,https://www.cheese.com/lil-moo/,United States,Georgia,46,2023-10-23
645,645,https://www.cheese.com/liliputas/,Lithuania,Belvederis,50,2023-08-21
646,646,https://www.cheese.com/limburger/,"Belgium, Germany, Netherlands",Duchy of Limburg,50,2023-03-03
647,647,https://www.cheese.com/lincoln-log/,United States,"Ann Arbor, MI",38,2023-07-09
648,648,https://www.cheese.com/lincolnshire-poacher/,England,,30,2023-07-26
649,649,https://www.cheese.com/lindale/,United States,North Carolina,44,2023-03-12
650,650,https://www.cheese.com/lindy-hop/,United States,Vermont,32,2023-12-14
651,651,https://www.cheese.com/lingot-des-causses/,France,,41,2023-10-20
652,652,https://www.cheese.com/lingot-saint-bousquet-dorb/,France,Herault,33,2023-01-10
653,653,https://www.cheese.com/liptauer/,United States,"Ann Arbor, Michigan",31,2023-02-26
654,654,https://www.cheese.com/little-bloom-prairie/,United States,Illinois,30,2023-11-16
655,655,https://www.cheese.com/little-colonel/,"England, Great Britain, United Kingdom",Dorset,34,2023-02-20
656,656,https://www.cheese.com/little-dragon/,United States,"Ann Arbor, Michigan",39,2023-07-29
657,657,https://www.cheese.com/little-napoleon/,United States,"Ann Arbor, Michigan",42,2023-10-22
658,658,https://www.cheese.com/little-qualicum-raclette/,Canada,British Columbia,37,2023-02-18
659,659,https://www.cheese.com/little-rydings/,England,North Wootton,48,2023-10-22
660,660,https://www.cheese.com/little-ypsi/,United States,"Ann Arbor, Michigan",41,2023-06-09
661,661,https://www.cheese.com/livarot/,France,,31,2023-01-19
662,662,https://www.cheese.com/llanboidy/,Wales,Carmarthenshire,32,2023-01-23
663,663,https://www.cheese.com/llanglofan-farmhouse/,"Great Britain, United Kingdom, Wales",Pembrokeshire,39,2023-09-14
664,664,https://www.cheese.com/lo-sburrato/,Italy,Tuscany,44,2023-10-14
665,665,https://www.cheese.com/lo-speziato/,Italy,"Treviso, Veneto",30,2023-01-06
666,666,https://www.cheese.com/loch-arthur-farmhouse/,Scotland,Dumfries,47,2023-11-19
667,667,https://www.cheese.com/loddiswell-avondale/,England,Devon,44,2023-08-20
668,668,https://www.cheese.com/loma-alta/,United States,California,31,2023-05-04
669,669,https://www.cheese.com/longhorn/,United States,"Colby, Wisconsin",36,2023-09-22
670,670,https://www.cheese.com/lord-hundreds/,United Kingdom,East Sussex,39,2023-05-24
671,671,https://www.cheese.com/lost-lake/,Canada,"Prince Edward County, Ontario",48,2023-12-16
672,672,https://www.cheese.com/lou-bergier/,Italy,Piemonte,49,2023-12-28
673,673,https://www.cheese.com/lou-palou/,France,Pyrénées,30,2023-03-26
674,674,https://www.cheese.com/lou-pevre/,France,Provence,47,2023-11-20
675,675,https://www.cheese.com/lunetta/,"Canada, Italy",Lombardy,50,2023-07-19
676,676,https://www.cheese.com/lyburn-garlic-and-nettle/,"England, Great Britain, United Kingdom",Landford,33,2023-02-09
677,677,https://www.cheese.com/lyburn-gold/,"England, Great Britain, United Kingdom",Landford,32,2023-06-20
678,678,https://www.cheese.com/lyburn-lightly-oak-smoked/,"England, Great Britain, United Kingdom",Landford,40,2023-01-24
679,679,https://www.cheese.com/lyburns-winchester/,"England, Great Britain, United Kingdom",Landford,30,2023-06-24
680,680,https://www.cheese.com/maasdam/,Netherlands,All Holland,47,2023-10-23
681,681,https://www.cheese.com/macadamia-nut-cheese/,United States,Brooklyn NY,33,2023-10-03
682,682,https://www.cheese.com/macconais/,France,Bourgogne,31,2023-08-14
683,683,https://www.cheese.com/madrona/,United States,Oregon,41,2023-04-09
684,684,https://www.cheese.com/maffra-aged-rinded-cheddar/,Australia,"Gippsland, Victoria",36,2023-02-14
685,685,https://www.cheese.com/maffra-cheshire/,Australia,"Gippsland, Victoria",31,2023-10-13
686,686,https://www.cheese.com/maffra-dargo-walnut/,Australia,"Gippsland, Victoria",36,2023-06-10
687,687,https://www.cheese.com/maffra-mature-cheddar/,Australia,"Gippsland, Victoria",45,2023-02-05
688,688,https://www.cheese.com/maffra-peppercorn-cheddar/,Australia,"Gippsland, Victoria",46,2023-11-11
689,689,https://www.cheese.com/maffra-red-leicester/,Australia,"Gippsland, Victoria",37,2023-02-15
690,690,https://www.cheese.com/maffra-sage-derby/,Australia,"Gippsland, Victoria",36,2023-10-21
691,691,https://www.cheese.com/maffra-wensleydale/,Australia,"Gippsland, Victoria",40,2023-03-16
692,692,https://www.cheese.com/maggies-round/,United States,Massachusetts,37,2023-09-11
693,693,https://www.cheese.com/magna/,Sweden,Oviken,35,2023-11-10
694,694,https://www.cheese.com/mahoe-aged-gouda/,Netherlands,,32,2023-04-11
695,695,https://www.cheese.com/mahon/,Spain,"Menorca, Balearic Islands",35,2023-11-07
696,696,https://www.cheese.com/maida-vale/,England,,34,2023-01-25
697,697,https://www.cheese.com/maisies-kebbuck/,"Great Britain, Scotland, United Kingdom",Lanarkshire,48,2023-11-11
698,698,https://www.cheese.com/majorero/,Spain,Canary Islands,42,2023-07-05
699,699,https://www.cheese.com/malvarosa/,Spain,Valencia,36,2023-01-21
700,700,https://www.cheese.com/malvern/,"England, Great Britain, United Kingdom",Severn Valley,30,2023-11-13
701,701,https://www.cheese.com/mamirolle/,"Canada, France","Plessisville, Quebec",30,2023-11-23
702,702,https://www.cheese.com/manchego/,Spain,,38,2023-01-10
703,703,https://www.cheese.com/mandolin/,Australia,South Australia,44,2023-12-29
704,704,https://www.cheese.com/mango-rebel/,Austria,Sulzberg,35,2023-01-23
705,705,https://www.cheese.com/manon/,Australia,South Australia,35,2023-12-06
706,706,https://www.cheese.com/manouri/,Greece,"Central and Western Macedonia, Thessalia",44,2023-01-02
707,707,https://www.cheese.com/manteca/,Italy,Basilicata,48,2023-04-29
708,708,https://www.cheese.com/manur/,Serbia,,44,2023-05-09
709,709,https://www.cheese.com/marble-cheddar/,United Kingdom,,36,2023-06-04
710,710,https://www.cheese.com/marbled-cheeses/,United Kingdom,,47,2023-09-02
711,711,https://www.cheese.com/marco-polo/,United States,"Seattle, Washington",45,2023-04-09
712,712,https://www.cheese.com/maredsous/,Belgium,,35,2023-10-31
713,713,https://www.cheese.com/margotin/,Italy,Piemonte,30,2023-04-15
714,714,https://www.cheese.com/maribo/,Denmark,Maribo,45,2023-06-04
715,715,https://www.cheese.com/marin-french-triple-creme/,United States,"Petaluma, California",32,2023-11-21
716,716,https://www.cheese.com/marisa/,United States,Wisconsin,46,2023-09-29
717,717,https://www.cheese.com/maroilles/,France,,44,2023-01-19
718,718,https://www.cheese.com/marthas-heat/,Australia,"Mornington Peninsula, Melbourne",48,2023-09-30
719,719,https://www.cheese.com/mascares/,France,Provencale,32,2023-09-29
720,720,https://www.cheese.com/mascarpone/,Italy,Lombardy,44,2023-02-19
721,721,https://www.cheese.com/mastorazio/,Italy,Campania,30,2023-02-23
722,722,https://www.cheese.com/matocq/,France,,36,2023-09-25
723,723,https://www.cheese.com/mature-wensleydale/,"England, United Kingdom",North Yorkshire,43,2023-10-16
724,724,https://www.cheese.com/may-hill-green/,"England, Great Britain, United Kingdom",Gloucestershire,34,2023-10-28
725,725,https://www.cheese.com/maytag-blue/,United States,Iowa,39,2023-12-01
726,726,https://www.cheese.com/mclaren/,Australia,South Australia,39,2023-07-17
727,727,https://www.cheese.com/medallion/,United States,Maine,46,2023-03-07
728,728,https://www.cheese.com/meira/,Iraq,,37,2023-12-08
729,729,https://www.cheese.com/melange/,United States,California,34,2023-04-26
730,730,https://www.cheese.com/melange-brie/,United States,California,50,2023-08-24
731,731,https://www.cheese.com/melinda-mae/,United States,"Lebanon, CT",40,2023-11-30
732,732,https://www.cheese.com/melville/,United States,"Lebanon, CT",33,2023-05-28
733,733,https://www.cheese.com/menage/,United States,Wisconsin,40,2023-10-17
734,734,https://www.cheese.com/menallack-farmhouse/,England,,48,2023-05-28
735,735,https://www.cheese.com/menonita/,Mexico,,34,2023-06-21
736,736,https://www.cheese.com/meredith-ashed-pyramids/,Australia,Victoria,41,2023-06-14
737,737,https://www.cheese.com/meredith-blue/,Australia,"Ballarat, Victoria",43,2023-01-24
738,738,https://www.cheese.com/meredith-chevre-ash/,Australia,Victoria,44,2023-04-27
739,739,https://www.cheese.com/meredith-chevre-dill/,Australia,Victoria,37,2023-11-02
740,740,https://www.cheese.com/meredith-chevre-plain/,Australia,Victoria,49,2023-09-17
741,741,https://www.cheese.com/meredith-goat-cheese-in-extra-virgin-olive-oil/,Australia,Victoria,39,2023-11-15
742,742,https://www.cheese.com/merry-wyfe/,United Kingdom,South West England,47,2023-10-17
743,743,https://www.cheese.com/mersey-valley-original-vintage/,Australia,Tasmania,46,2023-04-04
744,744,https://www.cheese.com/metronome/,United States,California,45,2023-06-27
745,745,https://www.cheese.com/mettowee/,United States,Vermont,41,2023-09-10
746,746,https://www.cheese.com/meyer-vintage-gouda/,New Zealand,Hamilton,37,2023-06-01
747,747,https://www.cheese.com/mezzaluna-fontina/,United States,Wisconsin,49,2023-03-18
748,748,https://www.cheese.com/mezzo-secco/,United States,"Sonoma, California",36,2023-12-11
749,749,https://www.cheese.com/mi-ewe/,United States,California,35,2023-09-02
750,750,https://www.cheese.com/midnight-blue/,United States,Colorado,35,2023-05-14
751,751,https://www.cheese.com/midnight-moon/,Holland,,40,2023-08-31
752,752,https://www.cheese.com/miette/,United States,Missouri,44,2023-04-09
753,753,https://www.cheese.com/mihalic-peynir/,Turkey,Bursa,37,2023-04-20
754,754,https://www.cheese.com/milawa-affine/,Australia,North East Victoria,31,2023-07-13
755,755,https://www.cheese.com/milawa-aged-blue/,,North East Victoria,42,2023-08-21
756,756,https://www.cheese.com/milawa-blue/,Australia,North East Victoria,31,2023-10-21
757,757,https://www.cheese.com/milawa-brie/,Australia,North East Victoria,48,2023-12-24
758,758,https://www.cheese.com/milawa-goats-tomme/,Australia,North East Victoria,39,2023-07-20
759,759,https://www.cheese.com/milawa-white/,Australia,,31,2023-07-26
760,760,https://www.cheese.com/milbenkase/,Germany,,47,2023-05-11
761,761,https://www.cheese.com/milleens/,Ireland,"Beara Peninsula, Co. Cork",38,2023-11-06
762,762,https://www.cheese.com/millstone/,England,Somerset,36,2023-09-14
763,763,https://www.cheese.com/mimolette-boule-de-lille/,France,,38,2023-01-12
764,764,https://www.cheese.com/minas-cheese/,Brazil,Minas Gerais,32,2023-08-04
765,765,https://www.cheese.com/mine-gabhar/,Ireland,County Wexford,46,2023-05-22
766,766,https://www.cheese.com/minger/,Scotland,,36,2023-08-22
767,767,https://www.cheese.com/minuet/,United States,California,39,2023-12-02
768,768,https://www.cheese.com/mirabo-brie-with-walnut/,Germany,Bavaria,34,2023-04-25
769,769,https://www.cheese.com/miss-muffet/,England,North Cornwall,32,2023-08-02
770,770,https://www.cheese.com/mistralou/,France,,47,2023-01-23
771,771,https://www.cheese.com/miticana-de-oveja/,Spain,Murcia,32,2023-03-06
772,772,https://www.cheese.com/mladi-trapist/,Croatia,Dalmatia,31,2023-10-06
773,773,https://www.cheese.com/mobay/,United States,Wisconsin,40,2023-11-15
774,774,https://www.cheese.com/molbo/,Denmark,Mols,33,2023-05-17
775,775,https://www.cheese.com/mona/,United States,Wisconsin,31,2023-06-24
776,776,https://www.cheese.com/monastery-cheeses/,"Belgium, Canada, France, Switzerland, United States",,45,2023-12-23
777,777,https://www.cheese.com/mondseer/,Austria,,32,2023-06-08
778,778,https://www.cheese.com/monet/,Australia,South Australia,41,2023-09-13
779,779,https://www.cheese.com/mont-dor-lyonnais/,France,,44,2023-04-07
780,780,https://www.cheese.com/mont-saint-francis/,United States,Indiana,39,2023-12-04
781,781,https://www.cheese.com/mont-st-benoit/,Canada,Quebec,49,2023-02-12
782,782,https://www.cheese.com/montagnolo/,Germany,,47,2023-08-23
783,783,https://www.cheese.com/montasio/,Italy,Friuli Venezia Giulia and Veneto,50,2023-06-15
784,784,https://www.cheese.com/montasio-mezzano/,Italy,Friuli Venezia Giulia and Veneto,32,2023-04-17
785,785,https://www.cheese.com/montasio-vecchio/,Italy,Friuli Venezia Giulia and Veneto,31,2023-03-06
786,786,https://www.cheese.com/montchevre-goat-cheese-log/,United States,,30,2023-06-15
787,787,https://www.cheese.com/monte-enebro/,Spain,Avila,39,2023-11-05
788,788,https://www.cheese.com/monteo/,Italy,Veneto,45,2023-07-05
789,789,https://www.cheese.com/monterey-jack/,"Mexico, United States","Monterey, California",41,2023-10-29
790,790,https://www.cheese.com/montgomerys-cheddar/,United Kingdom,,34,2023-08-02
791,791,https://www.cheese.com/montsalvat/,Germany,Landshut,45,2023-08-16
792,792,https://www.cheese.com/moody-blue/,United States,Wisconsin,37,2023-10-15
793,793,https://www.cheese.com/moonglo/,United States,Illinois,33,2023-04-09
794,794,https://www.cheese.com/moonlight-chaource/,United States,New York,37,2023-10-27
795,795,https://www.cheese.com/moose/,Sweden,Bjurholm,48,2023-08-22
796,796,https://www.cheese.com/morangie-brie/,Scotland,Tain,46,2023-01-07
797,797,https://www.cheese.com/morbier/,France,,47,2023-04-08
798,798,https://www.cheese.com/morcella/,United States,Minnesota,32,2023-03-18
799,799,https://www.cheese.com/morgan/,United States,Maine,36,2023-10-14
800,800,https://www.cheese.com/morimoto-soba-ale-cheddar/,United States,Oregon,42,2023-06-26
801,801,https://www.cheese.com/moringhello/,Italy,Lombardy,47,2023-12-16
802,802,https://www.cheese.com/morlacco/,Italy,Veneto,48,2023-08-22
803,803,https://www.cheese.com/moses-sleeper/,United States,Vermont,45,2023-05-17
804,804,https://www.cheese.com/mossfield-organic/,Ireland,Co. Offaly,46,2023-12-08
805,805,https://www.cheese.com/mothais-a-la-feuille/,France,,32,2023-08-09
806,806,https://www.cheese.com/mouco-camembert/,United States,Colorado,45,2023-10-11
807,807,https://www.cheese.com/truffello/,United States,Colorado,46,2023-12-09
808,808,https://www.cheese.com/mountain-goat/,Australia,"Mornington Peninsula, Melbourne",45,2023-03-02
809,809,https://www.cheese.com/mountain-herbs-rebel/,Austria,Sulzberg,34,2023-05-29
810,810,https://www.cheese.com/mountain-rebel/,Austria,Sulzberg,43,2023-10-10
811,811,https://www.cheese.com/mountaineer/,United States,"Galax, Virginia",46,2023-12-25
812,812,https://www.cheese.com/mouse-house-chilli-cheddar/,England,,38,2023-04-10
813,813,https://www.cheese.com/mouse-house-garlic-chive-cheddar/,England,,37,2023-10-08
814,814,https://www.cheese.com/mouse-house-smoked-cheddar/,England,,35,2023-11-21
815,815,https://www.cheese.com/mozzarella/,Italy,,34,2023-12-25
816,816,https://www.cheese.com/mozzarella-australian/,Australia,,42,2023-06-10
817,817,https://www.cheese.com/mozzarella-di-bufala/,Italy,"Campania, Paestum, Foggia",39,2023-12-05
818,818,https://www.cheese.com/mozzarellissima/,United States,,42,2023-01-24
819,819,https://www.cheese.com/ms-natural/,United States,California,37,2023-10-15
820,820,https://www.cheese.com/mt-scott/,New Zealand,Queenstown,50,2023-03-04
821,821,https://www.cheese.com/mt-tam/,United States,California,33,2023-03-31
822,822,https://www.cheese.com/mt-mazama-cheddar/,United States,Oregon,31,2023-12-04
823,823,https://www.cheese.com/muddlewell/,England,North Wootton,40,2023-10-18
824,824,https://www.cheese.com/muenster/,United States,,44,2023-10-21
825,825,https://www.cheese.com/muffato/,Italy,"Treviso, Veneto",38,2023-11-17
826,826,https://www.cheese.com/mun-chee/,United States,"Richfield, Wisconsin",37,2023-07-19
827,827,https://www.cheese.com/munster/,France,,47,2023-02-14
828,828,https://www.cheese.com/muranda-blue/,United States,NY,35,2023-11-07
829,829,https://www.cheese.com/murazzano-dop/,Italy,Murazzano,48,2023-06-05
830,830,https://www.cheese.com/murol/,France,,47,2023-12-04
831,831,https://www.cheese.com/mycella/,Denmark,Bornholm,38,2023-12-16
832,832,https://www.cheese.com/myzithra/,Greece,,44,2023-05-10
833,833,https://www.cheese.com/meteorite/,Canada,Quebec,35,2023-05-27
834,834,https://www.cheese.com/ptit-basque/,France,"Basque, Pyrenees Mountains",49,2023-12-12
835,835,https://www.cheese.com/ptit-berrichon/,France,Berry,50,2023-04-22
836,836,https://www.cheese.com/pacific-rock/,Canada,Quebec,49,2023-01-10
837,837,https://www.cheese.com/pack-square/,United States,Fairview,38,2023-04-03
838,838,https://www.cheese.com/paesanella-bocconcin/,Australia,,41,2023-09-23
839,839,https://www.cheese.com/paesanella-buffalo-mozzarella/,Australia,New South Wales,42,2023-05-04
840,840,https://www.cheese.com/paesanella-buffalo-ricotta/,Australia,,38,2023-10-30
841,841,https://www.cheese.com/paesanella-burrata/,Australia,,44,2023-02-13
842,842,https://www.cheese.com/paesanella-caciotta/,Australia,,33,2023-10-01
843,843,https://www.cheese.com/paesanella-caciotta-with-rocket-chilli/,Australia,,46,2023-04-02
844,844,https://www.cheese.com/paesanella-cherry-bocconcin/,Australia,,47,2023-02-24
845,845,https://www.cheese.com/paesanella-dry-ricotta/,Australia,,44,2023-02-11
846,846,https://www.cheese.com/paesanella-fresco/,Australia,,45,2023-06-10
847,847,https://www.cheese.com/paesanella-fresh-ricotta/,Australia,,45,2023-04-13
848,848,https://www.cheese.com/paglierino/,Italy,Campania,38,2023-04-21
849,849,https://www.cheese.com/paillot-de-chevre/,Canada,Quebec,35,2023-04-04
850,850,https://www.cheese.com/palet-de-babligny/,France,Burgundy,41,2023-11-21
851,851,https://www.cheese.com/pallone-di-gravina/,Italy,"Gravina in Puglia, Murgia",39,2023-02-05
852,852,https://www.cheese.com/paneer/,"Bangladesh, India",,31,2023-06-04
853,853,https://www.cheese.com/panela/,Mexico,,44,2023-05-08
854,854,https://www.cheese.com/paniolo/,United States,Vermont,39,2023-03-07
855,855,https://www.cheese.com/pannerone/,Italy,Lodi,47,2023-04-21
856,856,https://www.cheese.com/panquehue/,Chile,Aconcagua,34,2023-01-21
857,857,https://www.cheese.com/pant-ys-gawn/,Wales,,33,2023-05-05
858,858,https://www.cheese.com/paprika-rebel/,Austria,Sulzberg,44,2023-11-11
859,859,https://www.cheese.com/parmesan/,Italy,,48,2023-04-23
860,860,https://www.cheese.com/parrano/,Netherlands,Het Groene Hart,44,2023-01-15
861,861,https://www.cheese.com/pas-de-lescalette/,France,Larzac,33,2023-07-16
862,862,https://www.cheese.com/passendale/,Belgium,Passendale,44,2023-06-06
863,863,https://www.cheese.com/pastoral/,United States,California,33,2023-02-27
864,864,https://www.cheese.com/pate-de-fromage/,France,,40,2023-12-24
865,865,https://www.cheese.com/patefine-fort/,France,Isere,50,2023-11-12
866,866,https://www.cheese.com/pave-daffinois/,France,,47,2023-01-02
867,867,https://www.cheese.com/pave-dauge/,France,,38,2023-04-24
868,868,https://www.cheese.com/pave-de-chirac/,France,Chirac,30,2023-06-11
869,869,https://www.cheese.com/pawlet/,United States,Vermont,39,2023-12-19
870,870,https://www.cheese.com/paski-sir/,Croatia,Island of Pag,34,2023-01-03
871,871,https://www.cheese.com/peau-rouge/,Canada,Quebec,33,2023-06-06
872,872,https://www.cheese.com/pecorino/,Italy,,30,2023-09-01
873,873,https://www.cheese.com/pecorino-a-latte-crudo/,Italy,Emilia-Romagna,42,2023-04-22
874,874,https://www.cheese.com/pecorino-al-pepe/,Italy,Tuscany,34,2023-09-12
875,875,https://www.cheese.com/pecorino-al-tartufo/,Italy,,48,2023-07-19
876,876,https://www.cheese.com/pecorino-all-canapa/,Italy,Emilia Romagna,33,2023-12-20
877,877,https://www.cheese.com/pecorino-allo-zafferano/,Italy,Tuscany,50,2023-06-24
878,878,https://www.cheese.com/pecorino-barba-del-passatore/,Italy,Emilia-Romagna,39,2023-05-25
879,879,https://www.cheese.com/pecorino-boccondilatte/,Italy,Emilia-Romagna,35,2023-04-01
880,880,https://www.cheese.com/pecorino-camomilla/,Italy,Emilia-Romagna,45,2023-02-18
881,881,https://www.cheese.com/pecorino-con-caglio-vegetale/,Italy,Tuscany,45,2023-02-13
882,882,https://www.cheese.com/pecorino-dei-malatesta-al-sangiovese/,Italy,Emilia-Romagna,49,2023-10-12
883,883,https://www.cheese.com/pecorino-dei-malatesta-sotto-cenere/,Italy,Emilia-Romagna,45,2023-03-09
884,884,https://www.cheese.com/pecorino-dei-monaci/,Italy,Emilia-Romagna,45,2023-07-12
885,885,https://www.cheese.com/pecorino-di-sogliano/,Italy,Emilia-Romagna,45,2023-08-11
886,886,https://www.cheese.com/pecorino-di-talamello/,Italy,Emilia-Romagna,46,2023-08-29
887,887,https://www.cheese.com/pecorino-di-vigna/,Italy,Emilia-Romagna,41,2023-06-14
888,888,https://www.cheese.com/pecorino-erica/,Italy,Emilia-Romagna,33,2023-02-19
889,889,https://www.cheese.com/pecorino-fiordaliso/,Italy,Emilia-Romagna,45,2023-05-19
890,890,https://www.cheese.com/pecorino-foglie-noci/,Italy,Emilia-Romagna,50,2023-01-18
891,891,https://www.cheese.com/pecorino-gelsomino/,Italy,Emilia-Romagna,44,2023-05-21
892,892,https://www.cheese.com/pecorino-ginepro/,Italy,Emilia-Romagna,45,2023-11-30
893,893,https://www.cheese.com/pecorino-gran-riserva-del-passatore/,Italy,Emilia-Romagna,47,2023-08-22
894,894,https://www.cheese.com/pecorino-in-walnut-leaves/,Italy,Emilia-Romagna,33,2023-07-15
895,895,https://www.cheese.com/pecorino-mallo-di-noce/,Italy,Emilia-Romagna,30,2023-07-20
896,896,https://www.cheese.com/pecorino-nel-fieno/,Italy,Pienza,37,2023-03-05
897,897,https://www.cheese.com/pecorino-nel-granaio/,Italy,Emilia-Romagna,50,2023-01-06
898,898,https://www.cheese.com/pecorino-nero/,Italy,Tuscany,34,2023-03-08
899,899,https://www.cheese.com/pecorino-ortica/,Italy,Emilia-Romagna,40,2023-06-19
900,900,https://www.cheese.com/pecorino-papavero/,Italy,Emilia-Romagna,40,2023-12-23
901,901,https://www.cheese.com/pecorino-pepato/,Italy,Sardegna,45,2023-08-03
902,902,https://www.cheese.com/pecorino-pera/,Italy,Emilia-Romagna,33,2023-09-11
903,903,https://www.cheese.com/pecorino-querciaiolo/,Italy,Emilia-Romagna,30,2023-12-28
904,904,https://www.cheese.com/pecorino-romagnolo/,Italy,Emilia-Romagna,40,2023-01-15
905,905,https://www.cheese.com/pecorino-romano/,Italy,"Lazio, Sardinia",32,2023-10-04
906,906,https://www.cheese.com/toscanello/,Italy,Tuscany,40,2023-10-05
907,907,https://www.cheese.com/peekskill-pyramid/,United States,Peekskill,32,2023-12-09
908,908,https://www.cheese.com/pelardon-des-cevennes/,France,Languedoc,48,2023-01-22
909,909,https://www.cheese.com/pelardon-des-corbieres/,France,Languedoc-Roussillon,31,2023-06-09
910,910,https://www.cheese.com/pembrokeshire-extra-mature-cheddar/,United Kingdom,Pembrokeshire,41,2023-04-03
911,911,https://www.cheese.com/pembrokeshire-mature-cheddar/,United Kingdom,Pembrokeshire,48,2023-09-03
912,912,https://www.cheese.com/penamellera/,Spain,Asturias,36,2023-01-18
913,913,https://www.cheese.com/penbryn/,"Great Britain, United Kingdom, Wales",,34,2023-05-02
914,914,https://www.cheese.com/pencarreg/,Great Britain,Wales,43,2023-03-19
915,915,https://www.cheese.com/pepato/,Italy,,47,2023-08-08
916,916,https://www.cheese.com/pepbert/,United States,Colorado,33,2023-07-09
917,917,https://www.cheese.com/pepper-jack/,United States,"Monterey, California",38,2023-09-26
918,918,https://www.cheese.com/pepper-rebel/,Austria,Sulzberg,43,2023-05-03
919,919,https://www.cheese.com/peppercorn-gouda/,United States,Utah,46,2023-02-06
920,920,https://www.cheese.com/perl-las-blue/,United Kingdom,,41,2023-07-25
921,921,https://www.cheese.com/perl-wen/,"United Kingdom, Wales",,37,2023-02-24
922,922,https://www.cheese.com/perlagrigia-sotto-cenere/,Italy,Veneto,32,2023-08-12
923,923,https://www.cheese.com/perroche/,United Kingdom,"Herefordshire, West Midlands",50,2023-03-14
924,924,https://www.cheese.com/petida/,Germany,,49,2023-11-05
925,925,https://www.cheese.com/petit-blaja/,France,,39,2023-11-11
926,926,https://www.cheese.com/petit-pardou/,France,Laruns,48,2023-05-25
927,927,https://www.cheese.com/petit-suisse/,France,"Normandy, Auvilliers",50,2023-08-07
928,928,https://www.cheese.com/petite-swiss/,United States,Wisconsin,39,2023-08-09
929,929,https://www.cheese.com/phoebe/,United States,"Tieton, Washington",30,2023-04-24
930,930,https://www.cheese.com/pianoforte/,United States,California,48,2023-02-05
931,931,https://www.cheese.com/piave/,Italy,Veneto,38,2023-08-30
932,932,https://www.cheese.com/piave-fresco/,Italy,Veneto,34,2023-07-20
933,933,https://www.cheese.com/piave-mezzano/,,Veneto,35,2023-02-09
934,934,https://www.cheese.com/piave-vecchio/,Italy,Veneto,30,2023-09-09
935,935,https://www.cheese.com/piave-vecchio-selezione-oro/,Italy,Veneto,38,2023-08-24
936,936,https://www.cheese.com/picobello/,Netherlands,Huizen,46,2023-02-06
937,937,https://www.cheese.com/picodon-de-chevre/,France,,33,2023-04-26
938,938,https://www.cheese.com/picolo/,United States,California,31,2023-10-17
939,939,https://www.cheese.com/picos-de-europa/,Spain,,39,2023-03-21
940,940,https://www.cheese.com/pied-de-vent/,Canada,Quebec,45,2023-05-08
941,941,https://www.cheese.com/pierce-pt/,United States,California,43,2023-01-11
942,942,https://www.cheese.com/pigouille/,France,Charentes,37,2023-06-12
943,943,https://www.cheese.com/pimento/,United States,"Ann Arbor, Michigan",30,2023-07-13
944,944,https://www.cheese.com/pinconning/,United States,"Pinconning, Michigan",49,2023-01-07
945,945,https://www.cheese.com/piora/,Switzerland,Piora Valley,35,2023-10-17
946,946,https://www.cheese.com/pipers-pyramide/,United States,Indiana,45,2023-06-19
947,947,https://www.cheese.com/pistol-point-cheddar/,United States,Oregon,37,2023-05-24
948,948,https://www.cheese.com/pitchfork-cheddar/,England,,31,2023-03-15
949,949,https://www.cheese.com/pithtiviers-au-foin/,France,"Centre , the department of Loiret",30,2023-07-19
950,950,https://www.cheese.com/pizy/,Canada,Quebec,43,2023-03-03
951,951,https://www.cheese.com/plancherin-d-areches/,France,,45,2023-07-21
952,952,https://www.cheese.com/pleasant-creek/,United States,Oregon,48,2023-09-15
953,953,https://www.cheese.com/pleasant-ridge-reserve/,United States,Wisconsin,41,2023-02-18
954,954,https://www.cheese.com/plymouth-cheese/,United States,Vermont,48,2023-08-21
955,955,https://www.cheese.com/podhalanski/,Poland,,40,2023-06-23
956,956,https://www.cheese.com/point-reyes-bay-blue/,United States,California,46,2023-10-29
957,957,https://www.cheese.com/point-reyes-original-blue/,United States,California,45,2023-11-29
958,958,https://www.cheese.com/point-reyes-toma/,United States,California,35,2023-12-13
959,959,https://www.cheese.com/poivre-dane/,France,,42,2023-01-26
960,960,https://www.cheese.com/pokolbin/,Australia,Hunter Valley,35,2023-05-09
961,961,https://www.cheese.com/pompeii/,Australia,South Australia,48,2023-03-26
962,962,https://www.cheese.com/pongs-extraordinary-cheddar/,United Kingdom,,36,2023-10-23
963,963,https://www.cheese.com/pont-leveque/,France,,40,2023-10-21
964,964,https://www.cheese.com/port-nicholson/,New Zealand,,33,2023-12-22
965,965,https://www.cheese.com/port-salut/,France,Brittany,36,2023-06-09
966,966,https://www.cheese.com/postel/,Belgium,Postel,47,2023-12-31
967,967,https://www.cheese.com/pouligny-saint-pierre/,France,Berry,44,2023-08-07
968,968,https://www.cheese.com/pourly/,France,Burgund,36,2023-12-07
969,969,https://www.cheese.com/prairie-breeze-cheddar/,United States,Iowa,36,2023-04-09
970,970,https://www.cheese.com/prairie-rose/,United States,Iowa,41,2023-11-26
971,971,https://www.cheese.com/prairie-tomme/,United States,Missouri,30,2023-12-08
972,972,https://www.cheese.com/prastost/,Sweden,,50,2023-01-22
973,973,https://www.cheese.com/president-brie/,France,,44,2023-01-01
974,974,https://www.cheese.com/president-camembert/,United States,New York,46,2023-07-18
975,975,https://www.cheese.com/president-fat-free-feta/,"France, United States",New York,46,2023-01-26
976,976,https://www.cheese.com/president-light-brie/,France,New York,33,2023-05-13
977,977,https://www.cheese.com/president-madrigal/,France,,36,2023-04-30
978,978,https://www.cheese.com/prima-donna/,Netherlands,,50,2023-04-16
979,979,https://www.cheese.com/prima-donna-fino/,Netherlands,,45,2023-09-29
980,980,https://www.cheese.com/prima-donna-forte/,Netherlands,,34,2023-04-19
981,981,https://www.cheese.com/prima-donna-leggero/,Netherlands,,32,2023-09-21
982,982,https://www.cheese.com/prima-donna-maturo/,Netherlands,,30,2023-05-22
983,983,https://www.cheese.com/primo-fresco/,United States,California,33,2023-06-27
984,984,https://www.cheese.com/prince-jean/,Belgium,,49,2023-07-13
985,985,https://www.cheese.com/prix-de-diane/,United States,Maine,47,2023-08-09
986,986,https://www.cheese.com/processed-cheddar/,,,44,2023-06-10
987,987,https://www.cheese.com/pasteurized-processed/,,,45,2023-08-27
988,988,https://www.cheese.com/processed-smoked-gouda/,United States,Wisconsin,45,2023-06-23
989,989,https://www.cheese.com/promontory/,United States,Utah,43,2023-02-22
990,990,https://www.cheese.com/provel/,United States,"St. Louis, Missouri",44,2023-05-10
991,991,https://www.cheese.com/providence/,United States,North Carolina,31,2023-12-01
992,992,https://www.cheese.com/provoleta/,Argentina,,37,2023-01-13
993,993,https://www.cheese.com/provolone/,Italy,Po valley region,45,2023-06-16
994,994,https://www.cheese.com/provolone-del-monaco/,Italy,Naples,44,2023-12-19
995,995,https://www.cheese.com/provolone-mandarino-gran-riserva/,Italy,Veneto,40,2023-03-19
996,996,https://www.cheese.com/provolone-valpadana/,Italy,Valpadana,36,2023-09-15
997,997,https://www.cheese.com/president-fresh-goat-cheese/,France,Poitou-Charentes,44,2023-07-04
998,998,https://www.cheese.com/psychedillic/,United States,California,36,2023-11-01
999,999,https://www.cheese.com/pule/,Serbia,Zasavica,49,2023-03-02
1000,1000,https://www.cheese.com/purple-haze/,United States,California,36,2023-11-27
1001,1001,https://www.cheese.com/purples-must/,"Canada, Italy",Lombardy,43,2023-03-19
1002,1002,https://www.cheese.com/pyengana-cheddar/,Australia,Tasmania,30,2023-12-05
1003,1003,https://www.cheese.com/pyramide/,France,Loire Valley,35,2023-11-19
1004,1004,https://www.cheese.com/perail-de-brebis/,France,,46,2023-04-04
1005,1005,https://www.cheese.com/saaland-pfarr/,Sweden,,43,2023-08-18
1006,1006,https://www.cheese.com/saanen-silk/,Canada,Ontario,49,2023-08-06
1007,1007,https://www.cheese.com/saanenkaese/,Switzerland,,43,2023-04-13
1008,1008,https://www.cheese.com/saga/,Denmark,,42,2023-08-06
1009,1009,https://www.cheese.com/sage-derby/,"England, United Kingdom",East Midlands,37,2023-09-29
1010,1010,https://www.cheese.com/saint-agur/,France,Auvergne,35,2023-01-30
1011,1011,https://www.cheese.com/saint-albray/,France,Aquitaine,33,2023-10-11
1012,1012,https://www.cheese.com/saint-andre/,France,,48,2023-10-21
1013,1013,https://www.cheese.com/saint-felicien/,France,,44,2023-05-26
1014,1014,https://www.cheese.com/saint-honore/,Canada,Quebec,46,2023-07-08
1015,1015,https://www.cheese.com/saint-marcellin/,France,,32,2023-03-21
1016,1016,https://www.cheese.com/saint-nectaire/,France,Auvergne,36,2023-06-25
1017,1017,https://www.cheese.com/saint-paulin/,France,,34,2023-02-18
1018,1018,https://www.cheese.com/saint-rose/,United States,California,40,2023-04-29
1019,1019,https://www.cheese.com/sainte-maure-de-touraine-aoc/,France,Loire,38,2023-08-02
1020,1020,https://www.cheese.com/salemville-amish-blue/,United States,Wisconsin,30,2023-09-11
1021,1021,https://www.cheese.com/salemville-amish-gorgonzola/,United States,Wisconsin,41,2023-01-16
1022,1022,https://www.cheese.com/salemville-smokehaus-blue/,United States,Wisconsin,34,2023-03-16
1023,1023,https://www.cheese.com/salers/,France,"Auvergne, Salers",32,2023-03-30
1024,1024,https://www.cheese.com/salsa-asiago/,United States,Wisconsin,43,2023-01-18
1025,1025,https://www.cheese.com/saltbush_chevre/,Australia,South Australia,45,2023-05-20
1026,1026,https://www.cheese.com/samso/,Denmark,,43,2023-07-13
1027,1027,https://www.cheese.com/san-andreas/,United States,California,41,2023-09-12
1028,1028,https://www.cheese.com/san-geronimo/,United States,Nicasio,45,2023-01-04
1029,1029,https://www.cheese.com/san-simon/,Spain,Galicia,45,2023-11-15
1030,1030,https://www.cheese.com/sancerre/,France,,39,2023-09-29
1031,1031,https://www.cheese.com/sandy-creek/,United States,North Carolina,42,2023-04-18
1032,1032,https://www.cheese.com/santa-gadea/,Spain,,37,2023-02-07
1033,1033,https://www.cheese.com/sao-jorge/,Portugal,Azores,47,2023-07-21
1034,1034,https://www.cheese.com/sap-sago/,Switzerland,Canton of Glarus,49,2023-04-25
1035,1035,https://www.cheese.com/saporito/,Italy,"Treviso, Veneto",40,2023-04-27
1036,1036,https://www.cheese.com/sardo/,Argentina,,43,2023-09-06
1037,1037,https://www.cheese.com/sarro-de-cabra/,Spain,Barcelona,48,2023-08-21
1038,1038,https://www.cheese.com/sartori-classic-cheese-asiago/,United States,Wisconsin,49,2023-05-31
1039,1039,https://www.cheese.com/sartori-classic-cheese-fontina/,United States,Wisconsin,30,2023-10-05
1040,1040,https://www.cheese.com/sartori-classic-cheese-parmesan/,United States,Wisconsin,43,2023-02-07
1041,1041,https://www.cheese.com/sartori-classic-cheese-romano/,United States,Wisconsin,35,2023-09-25
1042,1042,https://www.cheese.com/sartori-classic-montamore/,United States,Wisconsin,35,2023-06-19
1043,1043,https://www.cheese.com/sartori-limited-edition-cannella-bellavitano/,United States,Wisconsin,35,2023-07-13
1044,1044,https://www.cheese.com/sartori-limited-edition-cognac-bellavitano/,United States,Northern Wisconsin,48,2023-01-22
1045,1045,https://www.cheese.com/sartori-limited-edition-extra-aged-goat/,United States,Wisconsin,31,2023-01-02
1046,1046,https://www.cheese.com/sartori-limited-edition-family-heirloom-bellavitano/,United States,Wisconsin,39,2023-01-29
1047,1047,https://www.cheese.com/sartori-limited-edition-family-heirloom-parmesan/,United States,Wisconsin,35,2023-09-20
1048,1048,https://www.cheese.com/sartori-limited-edition-pastorale-blend/,United States,Wisconsin,48,2023-06-22
1049,1049,https://www.cheese.com/sartori-reserve-balsamic-bellavitano/,United States,Wisconsin,47,2023-11-20
1050,1050,https://www.cheese.com/sartori-reserve-basil-olive-oil-asiago/,United States,Wisconsin,47,2023-01-21
1051,1051,https://www.cheese.com/sartori-reserve-bellavitano-gold/,United States,Wisconsin,33,2023-08-28
1052,1052,https://www.cheese.com/sartori-reserve-black-pepper-bellavitano/,United States,Wisconsin,31,2023-03-16
1053,1053,https://www.cheese.com/sartori-reserve-chai-bellavitano/,United States,Wisconsin,32,2023-02-18
1054,1054,https://www.cheese.com/sartori-reserve-cheese-mediterranean-fontina/,United States,Wisconsin,38,2023-12-23
1055,1055,https://www.cheese.com/sartori-reserve-dolcina-gorgonzola/,United States,Wisconsin,41,2023-08-14
1056,1056,https://www.cheese.com/sartori-reserve-espresso-bellavitano/,United States,Wisconsin,38,2023-03-24
1057,1057,https://www.cheese.com/sartori-reserve-extra-aged-fontina/,United States,Wisconsin,46,2023-07-15
1058,1058,https://www.cheese.com/sartori-reserve-extra-aged-asiago/,United States,Wisconsin,41,2023-06-24
1059,1059,https://www.cheese.com/sartori-reserve-merlot-bellavitano/,United States,Wisconsin,40,2023-03-12
1060,1060,https://www.cheese.com/sartori-reserve-raspberry-bellavitano/,United States,Wisconsin,31,2023-01-28
1061,1061,https://www.cheese.com/sartori-reserve-rosemary-olive-oil-asiago/,United States,Wisconsin,37,2023-02-26
1062,1062,https://www.cheese.com/sartori-reserve-sarvecchio-parmesan/,United States,Wisconsin,45,2023-07-03
1063,1063,https://www.cheese.com/sbrinz/,Switzerland,"Lucerne, Schwyz, Unterwald, and Zoug, and the following additional places: Muri district in d'Argovi",32,2023-11-04
1064,1064,https://www.cheese.com/sbronzo/,Italy,Campania,42,2023-11-25
1065,1065,https://www.cheese.com/scallion-onion-cheddar/,United States,NY,41,2023-09-10
1066,1066,https://www.cheese.com/scamorza/,Italy,,44,2023-06-26
1067,1067,https://www.cheese.com/schloss/,United States,,50,2023-07-19
1068,1068,https://www.cheese.com/scotch-bonnet-cheddar/,United Kingdom,,34,2023-11-21
1069,1069,https://www.cheese.com/sea-change/,United States,"Lebanon, CT",44,2023-12-23
1070,1070,https://www.cheese.com/seahive/,United States,Utah,42,2023-11-14
1071,1071,https://www.cheese.com/seascape/,United States,California,36,2023-09-14
1072,1072,https://www.cheese.com/seastack/,United States,Port Townsend,47,2023-10-11
1073,1073,https://www.cheese.com/seators-orkney/,"Great Britain, Scotland, United Kingdom",Orkney Islands,41,2023-04-09
1074,1074,https://www.cheese.com/selles-sur-cher/,France,,39,2023-07-20
1075,1075,https://www.cheese.com/selva/,Spain,"Fornells de la Selva, Gironès",32,2023-11-25
1076,1076,https://www.cheese.com/serat/,Afghanistan,,46,2023-08-08
1077,1077,https://www.cheese.com/seriously-strong-cheddar/,"England, Scotland, United Kingdom",Stranraer,35,2023-07-24
1078,1078,https://www.cheese.com/serra-da-estrela-dop/,Portugal,Serra da Estrela,50,2023-12-08
1079,1079,https://www.cheese.com/sgt-pepper/,United States,California,37,2023-10-27
1080,1080,https://www.cheese.com/shaker-blue/,United States,New York,35,2023-10-14
1081,1081,https://www.cheese.com/vegan-shamembert/,United Kingdom,,44,2023-06-30
1082,1082,https://www.cheese.com/shanklish/,"Egypt, Lebanon, Syria",,38,2023-03-31
1083,1083,https://www.cheese.com/sharon-hollow-garlic-and-chive/,United States,"Ann Arbor, Michigan",49,2023-06-20
1084,1084,https://www.cheese.com/sharp-cheddar/,United States,,47,2023-12-09
1085,1085,https://www.cheese.com/sharpham/,"England, United Kingdom",Devon,50,2023-07-20
1086,1086,https://www.cheese.com/sharpham-elmhirst/,"England, Great Britain, United Kingdom",Devon,48,2023-11-05
1087,1087,https://www.cheese.com/sharpham-rustic/,"England, Great Britain, United Kingdom",Devon,46,2023-06-03
1088,1088,https://www.cheese.com/sharpham-rustic-chive-garlic/,"England, Great Britain, United Kingdom",Devon,35,2023-01-16
1089,1089,https://www.cheese.com/sharpham-savour/,"England, Great Britain, United Kingdom",Devon,49,2023-02-06
1090,1090,https://www.cheese.com/sheep-gouda/,United States,Maine,39,2023-02-17
1091,1091,https://www.cheese.com/shelburne-cheddar/,United States,Shelburne Farms,43,2023-01-22
1092,1092,https://www.cheese.com/shepherds-crook/,England,Somerset,37,2023-09-02
1093,1093,https://www.cheese.com/shepherds-hope/,United States,Minnesota,40,2023-04-13
1094,1094,https://www.cheese.com/shepherdista-crush/,United States,California,31,2023-05-11
1095,1095,https://www.cheese.com/shepsog/,United States,Vermont,35,2023-10-25
1096,1096,https://www.cheese.com/ships-wheel-brie/,Australia,"Mornington Peninsula, Melbourne",41,2023-01-07
1097,1097,https://www.cheese.com/vegan-shoreditch-smoked-cheese/,United Kingdom,,50,2023-12-23
1098,1098,https://www.cheese.com/shorrocks-lancashire-bomb/,United Kingdom,,33,2023-03-09
1099,1099,https://www.cheese.com/shredded-bliss/,"Canada, United States",,38,2023-06-22
1100,1100,https://www.cheese.com/shropshire-blue/,United Kingdom,,42,2023-04-21
1101,1101,https://www.cheese.com/shtayburne-farm-cheddar/,United States,NY,35,2023-12-15
1102,1102,https://www.cheese.com/shtayburne-farm-monterey-jack/,United States,NY,32,2023-07-08
1103,1103,https://www.cheese.com/sicilian-blend/,United States,Wisconsin,48,2023-04-17
1104,1104,https://www.cheese.com/siltcoos/,United States,Coast of Oregon,44,2023-05-08
1105,1105,https://www.cheese.com/sinodun-hill/,England,,40,2023-09-22
1106,1106,https://www.cheese.com/sirene/,"Albania, Bulgaria, Croatia, Greece, Israel, Macedonia, Romania, Serbia",Trakia,30,2023-05-03
1107,1107,https://www.cheese.com/sleightlett/,"England, Great Britain, United Kingdom","Timsbury, Somerset",35,2023-08-30
1108,1108,https://www.cheese.com/slices-of-bliss/,"Canada, United States",,36,2023-09-18
1109,1109,https://www.cheese.com/smoked-fior-di-latte/,Italy,,30,2023-12-19
1110,1110,https://www.cheese.com/smoked-gouda/,Netherlands,,37,2023-03-24
1111,1111,https://www.cheese.com/smoked-lincolnshire-poacher/,United Kingdom,,49,2023-12-01
1112,1112,https://www.cheese.com/smoked-sulguni/,Georgia,"Svaneti, Samegrelo",45,2023-06-02
1113,1113,https://www.cheese.com/smokey-jalapeno/,Canada,Ontario,47,2023-11-25
1114,1114,https://www.cheese.com/smokey-mountain-round/,United States,North Carolina,36,2023-03-19
1115,1115,https://www.cheese.com/smokey-oregon-blue/,United States,Oregon,48,2023-12-19
1116,1116,https://www.cheese.com/smokey-touvelle/,United States,Oregon,33,2023-02-19
1117,1117,https://www.cheese.com/snow-camp/,United States,North Carolina,32,2023-07-14
1118,1118,https://www.cheese.com/sofia/,United States,Indiana,48,2023-02-02
1119,1119,https://www.cheese.com/somerset-brie/,"England, United Kingdom",Somerset,32,2023-06-05
1120,1120,https://www.cheese.com/somerset-organic-cheddar/,United Kingdom,,30,2023-06-06
1121,1121,https://www.cheese.com/sonnet/,United States,"Tieton, Washington",49,2023-06-05
1122,1122,https://www.cheese.com/sonoma-jack/,United States,"Sonoma, California",30,2023-02-21
1123,1123,https://www.cheese.com/sosha/,"China, Nepal, Tibet",Tibet,47,2023-04-25
1124,1124,https://www.cheese.com/sottocenere-al-tartufo/,Italy,Veneto,34,2023-06-27
1125,1125,https://www.cheese.com/soumaintrain/,France,,50,2023-10-24
1126,1126,https://www.cheese.com/sourire-lozerien/,France,Cevenes,45,2023-07-13
1127,1127,https://www.cheese.com/sparkenhoe-red-leicester/,United Kingdom,,37,2023-07-03
1128,1128,https://www.cheese.com/spenwood/,England,,43,2023-05-01
1129,1129,https://www.cheese.com/speziato/,Italy,Veneto,47,2023-09-24
1130,1130,https://www.cheese.com/squaquerone-di-bufala/,Italy,Lombardy,35,2023-06-06
1131,1131,https://www.cheese.com/st-andrews-farmhouse-cheddar/,Scotland,,47,2023-01-31
1132,1132,https://www.cheese.com/st-cera/,England,,36,2023-09-20
1133,1133,https://www.cheese.com/st-fidele-swiss/,Canada,Quebec,49,2023-04-20
1134,1134,https://www.cheese.com/st-gall/,Ireland,Co. Cork,36,2023-06-06
1135,1135,https://www.cheese.com/st-james/,England,,35,2023-12-27
1136,1136,https://www.cheese.com/st-jude/,"England, Great Britain, United Kingdom",,43,2023-11-26
1137,1137,https://www.cheese.com/st-killian/,Ireland,"Adamstown, Co Wexford",43,2023-08-25
1138,1138,https://www.cheese.com/st-mang-original-allgauer-limburger/,Germany,Allgäu,42,2023-06-09
1139,1139,https://www.cheese.com/st-pat/,United States,California,49,2023-11-17
1140,1140,https://www.cheese.com/st-tola-ash-log/,Ireland,,39,2023-05-11
1141,1141,https://www.cheese.com/st-tola-cranberry/,Ireland,"Inagh, Co Clare",48,2023-08-13
1142,1142,https://www.cheese.com/st-tola-crottin/,Ireland,,38,2023-06-08
1143,1143,https://www.cheese.com/st-tola-divine/,,"Inagh, Co Clare",36,2023-04-14
1144,1144,https://www.cheese.com/st-tola-greek-style/,Ireland,Co Clare,33,2023-10-16
1145,1145,https://www.cheese.com/st-tola-hard-cheese/,Ireland,"Inagh, Co Clare",34,2023-02-07
1146,1146,https://www.cheese.com/st-tola-log/,Ireland,,46,2023-05-15
1147,1147,https://www.cheese.com/staffordshire-organic/,"England, Great Britain, United Kingdom",Staffordshire,50,2023-10-15
1148,1148,https://www.cheese.com/stawley/,"England, Great Britain, United Kingdom","Stawley, near Wellington, Somerset",41,2023-02-02
1149,1149,https://www.cheese.com/stella-asiago/,Italy,Asiago,34,2023-03-30
1150,1150,https://www.cheese.com/stella-black-pepper-romano/,United States,Wisconsin,31,2023-06-24
1151,1151,https://www.cheese.com/stella-blue/,United States,Wisconsin,39,2023-10-16
1152,1152,https://www.cheese.com/stella-feta/,United States,,43,2023-09-19
1153,1153,https://www.cheese.com/stella-fontina/,United States,Wisconsin,34,2023-06-06
1154,1154,https://www.cheese.com/stella-fontinella/,United States,,40,2023-03-05
1155,1155,https://www.cheese.com/stella-goat/,United States,Wisconsin,49,2023-03-29
1156,1156,https://www.cheese.com/stella-gorgonzola/,United States,,50,2023-02-21
1157,1157,https://www.cheese.com/stella-italian-sharp/,United States,,36,2023-11-26
1158,1158,https://www.cheese.com/stella-kasseri/,United States,Wisconsin,49,2023-09-17
1159,1159,https://www.cheese.com/stella-mediterranean-parmesan/,United States,Wisconsin,36,2023-08-11
1160,1160,https://www.cheese.com/stella-parmesan/,United States,,31,2023-05-27
1161,1161,https://www.cheese.com/stella-parmesan-romano-blend/,United States,Wisconsin,36,2023-07-17
1162,1162,https://www.cheese.com/stella-reduced-fat-blue/,United States,Wisconsin,43,2023-04-02
1163,1163,https://www.cheese.com/stella-smoked-blue/,United States,Wisconsin,39,2023-07-29
1164,1164,https://www.cheese.com/stella-swiss/,United States,Wisconsin,30,2023-03-24
1165,1165,https://www.cheese.com/sternschnuppe/,Germany,"Allagau, Bavarian Alps",38,2023-11-27
1166,1166,https://www.cheese.com/stichelton/,"England, Great Britain, United Kingdom",Nottinghamshire,34,2023-10-22
1167,1167,https://www.cheese.com/stickney-hill-chevre/,United States,Kimball,41,2023-02-17
1168,1168,https://www.cheese.com/stilton/,England,"Derbyshire, Leicestershire, Nottinghamshire",39,2023-02-22
1169,1169,https://www.cheese.com/stinking-bishop/,United Kingdom,,39,2023-08-01
1170,1170,https://www.cheese.com/stoney-cross/,"England, Great Britain, United Kingdom",Landford,36,2023-01-28
1171,1171,https://www.cheese.com/stracchinata/,Italy,Veneto,33,2023-08-05
1172,1172,https://www.cheese.com/strathdon-blue/,Scotland,Tain,42,2023-06-11
1173,1173,https://www.cheese.com/strawberry-moon/,"Canada, Italy",Lombardy,42,2023-05-17
1174,1174,https://www.cheese.com/striegistaler-zwerge-camembert/,Germany,Allgäu,35,2023-09-06
1175,1175,https://www.cheese.com/string/,,,33,2023-09-24
1176,1176,https://www.cheese.com/suffolk-punch/,United States,Vermont,46,2023-03-31
1177,1177,https://www.cheese.com/sulguni/,Georgia,"Svaneti, Samegrelo",49,2023-06-06
1178,1178,https://www.cheese.com/sun-dried-tomato-and-basil-cashew-cheese/,Canada,Ontario,41,2023-06-23
1179,1179,https://www.cheese.com/sunlight/,United States,Colorado,39,2023-07-09
1180,1180,https://www.cheese.com/sunset-bay/,United States,Oregon Coast Range,39,2023-11-24
1181,1181,https://www.cheese.com/sussex-slipcote/,England,,30,2023-06-06
1182,1182,https://www.cheese.com/sveciaost/,Sweden,Low-laying regions,42,2023-09-28
1183,1183,https://www.cheese.com/swag/,Australia,South Australia,39,2023-10-16
1184,1184,https://www.cheese.com/swaledale/,England,"Swaledale, North Yorkshire",33,2023-10-20
1185,1185,https://www.cheese.com/sweet-style-swiss/,Switzerland,,30,2023-12-04
1186,1186,https://www.cheese.com/swiss/,United States,,42,2023-02-09
